ID,TITLE,LOCATION,SALARY,SUMMARY
55584c627df1acaa,데이터 분석가/사이언티스트(신입/인턴 가능),쏘카 대한민국,,"Sheet) 등 데이터 분석 도구를 원활히 다루시거나, 앞으로 원활히 다루고자 하는 의지가 높으신 분 • Python, R 등의 프로그래밍 언어 혹은 데이터 분석 언어를 1개 이상 능숙하게 사용 가능하신 분 전형절차 서류..."
89f3e10d77a126bf,Field Service Engineer,Nearfield Instruments 경기도 용인,,"troubleshooting. Preferably to have coding capability (Matlab, Python...etc... data analysis, visualization, and algorithm..."
927f2dac5dd73d7b,2021년도 상반기 한전KDN 신입사원,한전KDN 대한민국,,"+ SQL 1문제(Lev2) ㆍ언어종류 : 프로그래밍 - C, C++, Java, Javascript, Python, python3 SQL - MySQL, Oracle ㆍ개인별 언어 선택 후 테스트 진행 [약 3시간(준비..."
dfb20fa220f3c478,"빅데이터, 인공지능(AI) 외 신입/경력 인턴",스칼라웍스 대한민국,,인공지능)>인공지능(AI)|인터넷·IT·통신·모바일·게임>빅데이터·AI(인공지능)>데이터분석|인터넷·IT·통신·모바일·게임>빅데이터·AI(인공지능)> Python|인터넷·IT·통신·모바일·게임>빅데이터·AI(인공지능)>딥러닝
18f62dc644a89e0c,2021 Global Data Internship - Seoul (Kor...,Bloomberg 서울,,"work experience using one or more programming language (e.g. Python, JavaScript, SQL, etc.) Prior coursework or involvement..."
6aebabcddef7f514,Field Application Engineer,Nearfield Instruments 경기도 용인,,"troubleshooting. Preferably to have coding capability (Matlab, Python...etc... data analysis, visualization, and algorithm..."
3dd55c5b6662b04c,데이터 분석 인턴(체험형),네이버 서울,,"통계, 컴퓨터공학 등 관련 전공 석사 이상 재학중인 분 - 데이터 분석 관련 인턴 업무를 경험해보신 분 - Python/R 등을 이용한 데이터 분석 업무가 가능하신 분 - 데이터를 통해 비즈니스/일상의 문제를 분석하고 실제로..."
b4be3857b0ecac58,[명지대학교 영재교육센터] STEAM(융합)교육 교사 (에이쳐),명지대학교 과학영재교육센터 용인 처인구,,교원자격증 소지자 - 관련 전공 석사 및 박사 - 인공지능(AI)에 대한 관심 또는 경험자 - Python / Tensorflow / C / C++ / HTML5 / CSS / Java / Javascript 등...
69ab0f58743cb713,21년 전문연구요원 (AI엔지니어),Nexon 성남 분당구,,"대상자 - 병역의무가 없거나 면제된 분, 병역의 의무를 마치신 분은 본 공고의 대상에서 제외됨 - Python에 숙련된 프로그래밍 능력과 머신러닝 라이브러리 활용 경험 - 머신러닝과 강화학습에 관련된 지식 습득 혹은..."
afeaf9f2fdda7973,"Engr, Apps Dev 3",KLA-Tencor 대한민국,,"working effectively with different cultures. Matlab/ Python experience is a plus. We offer a competitive, family friendly..."
6d2542e38cfca6e3,Deep Learning Engineer Intern,Intel 4.1 서울,,optimization strategies Programming skills with Python/C++ Experience working with one or more deep learning frameworks...
eac8df14b522d84c,마케팅분야 경력직 (퍼포먼스/컨텐츠/CRM/마케팅 디자인),LG전자 3.8 서울특별시,,자사 앱 기반의 소비자 대응 및 관리 경험이 있으신 분 - 데이터 시각화 솔루션 경험이 있으신 분 - Python/R활용한 분석 업무 경험이 있으신 분 - 통계학 / 산업공학 / 수학전공자 (3)콘텐츠 마케팅 자격 요건...
a8f6efdd73ac2ab2,퀀트운용본부 경력사원,디비자산운용 대한민국,,"4년 이상 - 주식 및 시장에 대한 퀀트 / 계량적 접근방식 유경험자 - 프로그래밍 능력(VBA, R, Python 등) 보유 및 모델개발 경험자 우대 - 투자자산운용사 자격 보유자 - 영어 활용능력 우수자 우대 4. 전..."
e4fccfd80efcd516,직원,오송첨단의료산업진흥재단 청주 흥덕구,,"기반 분석 1명 우대사항 · 단백질 발현, 정제 및 3차구조 분석 경력자 · Python 등 다양한 프로그램 언어 분야 경력자 우대자격증 · Python 등 다양한 프로그램 언어 교육 수료증 · 단백질 정제 관련 교육 수료증..."
9acc17c535b42959,2021년 (신입) 전문연구요원 모집,NHN 4.4 성남 판교역,,"경험 - 병특 전문연구요원 - Python/C++/Java/C# 개발... 유연한 사고와 원활한 커뮤니케이션 능력 우대 - C/C++, Python 등 개발 숙련자 우대 [클라우드 인프라 서비스 개발] Job..."
3330430ae94277db,[타다]데이터 분석가/사이언티스트,쏘카 대한민국,,"통계에 대한 지식 및 머신러닝에 대한 지식을 보유하고 있으며, 데이터 분석 실무 경험이 풍부하신 분 • R, Python(Pandas, Numpy, Scikit-learn) 등의 데이터 분석을 위한 언어를 1개 이상 능숙하게..."
04d685fc70b67d4e,Linux/Python/PHP/MySQL/백엔드 정규직 경력,일루미나리안 용인 보정동,,"보유 - DBMS(MySQL or MariaDB), scripting Language: bash, python, OOP 언어 중 가능자 - Back-End 서버를 개발해 보신 분 [우대사항] - Go(aka GoLang..."
233bbfd9781e846d,"Engr, Tech Supp 3",KLA-Tencor 대한민국,,background Excel macro/code development for log analysis Python Database development for production Open to NCG (New College...
9a22463bc591929d,대기업 빅데이터 분석 전문가,국내 대기업 / 화물 운송업 / 조단위 이상 매출 기업 서울 중구,,"서비스 분석 경험자 우대 • 요구조건 - 대용량 DBMS 처리 - 분석 지원 언어/패키지(SQL/SAS/R/ Python/Spark) 사용가능자 또는 자격증 보유자 - 빅데이터 Tool (Hadoop, Hive, Hbase..."
eeb9fe1c361f0758,정보보안 담당자,Nexon 성남 분당구,,보안 이벤트 분석 또는 상관관계 이벤트 분석 능력 보유 - OS 및 네트워크 관련 기초 지식 보유 - python 등의 간단한 스크립트 작성 능력보유 - 타인과의 원활한 커뮤니케이션 자세 - 새로운 기술에 대한 적극적...
02eeb14921bf1b94,"데이터 관련(엔지니어, 사이언티스트, 마케팅 직무) 경력사원",LG전자 3.8 서울 중구,,"필요 ④ Python, Java 등 프로그래밍 언어 역량 필요 2) Data scientist ① 빅데이터 분석/관리 및 관련 업무 경험 보유자 ② 통계 및 머신러닝 역량 필요 ③ SQL 역량 우대 ④ Python, R 등..."
e934bb33ef71dacb,[EY한영] 금융감사본부 Data Analytics 전문 경력직 모집,Ernst & Young 4.0 대한민국,,총계정원장조정 경험자 - Python/R 등 프로그램 언어 활용 능력... PowerBI... Tableau Experience with Python/ R or other programming languages...
a10f8693c8c135ef,본사 주요부문별 경력직,KB증권 대한민국,,"자격요건 (필요역량) - 데이터분석 업무에 대한 경험 - 데이터 추출, 분석역량(SQL, SAS, R, Python, HUE 등 활용) 또는 데이터분석 경험 보유 - 분석 지향적 태도 및 협업 분석이 가능한 팀워크 보유..."
b5b88516a299bbb2,(주)신세계아이앤씨 경력사원 상시,신세계아이앤씨 서울 중구,,"0명 공통사항 -. 자동화 Tool에 대한 이해 보유자 -. JAVA, C, JavaScript, Python, HTML, JSP 등 프로그래밍 언어 개발 경험자... Process 및 Process Mangement에..."
6531d039395a3ffe,"토탈제어시스템, 임베디드(Embedded) 외 신입/경력 인턴",엔아이스퀘어 광주 광산구,,"개발에 참여할 많은 분들의 도전을 기다립니다. 2. LabVIEW, Python 가능자 우대 엔아이스퀘어 토탈제어시스템, 임베디드(Embedded... 니다. 2. LabVIEW, Python 가능자 우대 [우대사항] 전공..."
be07fe098a9266a8,Summer Internship: SW Engineer,Fasoo 서울 마포구,"월급 1,850,000원","Knowledge... syntax of languages... Java, C/C++ or Python. * Korean language fluency: should be able to communicate..."
60e75853daa18533,AI 비전 인식 시스템 및 아키텍쳐 설계 알고리즘 개발,국내 대기업 / 화물 운송업 / 조단위 이상 매출 기업 서울 중구,,"제어 SW 개발 또는 구축 프로젝트 경험자 • 요구조건 - 프로그래밍 언어 활용 능력(C / C++, Python) - 주요 머신러닝 및 비전 패키지 활용 능력 - 리눅스OS 기반 개발 - 임베디드 시스템 개발 - DB..."
1a78e2314b6c0ad4,2021년 광학솔루션사업부 수시 Inno-STEP(연계형 인턴십),LG이노텍 4.1 경기도 안산,,"를 활용한 Data 분석/Deep Learning 알고리즘 설계 ※ S/W 활용능력 우대: R, Python 등 ※ 영어회화자격 보유자 우대 (토익스피킹 기준 Level 5 이상, OPIc 기준 IL 이상) - 광학솔루션..."
78e99625e5de3c95,전문연구요원 (병역특례) 수시 (AI / HW 분야),딥엑스 성남 분당구,"연봉 40,000,000원 - 100,000,000원","모델의 RTL IP 설계 및 IP 검증 가능자 - Language: Python/Perl, C/C++ [우대 조건] - ARM based SoC 설계... Linux, shell, tcl, python, perl 사용 원활..."
089931931a0474d5,소형전지사업부/기술혁신센터,삼성SDI 3.9 충청남도 천안,,"천안 전공분야 - 컴퓨터/시스템 전자/전기 기계/산공 전문지식 - Java, C#, C++, Python - Oracle (PL/SQL) - Automod, VisualComponent - 통신프로그래밍 경험..."
5d586ea25719e960,[Papago] 파파고 머신러닝(컴퓨터비전) 엔지니어 체험형 인턴,네이버 서울,,"enhnacement [자격요건] · (학부/대학원) 컴퓨터비전/신호처리 관련 전공으로 재학 혹은 졸업하신 분 · Python 등의 프로그래밍 언어를 다루실 수 있는 분 · TensorFlow, PyTorch 등의 딥러닝..."
6603bfd1aeaff2d1,[카카오엔터테인먼트/판교] 데이터 분석가 (서비스분석),카카오페이지 성남 분당구,,"로그 설계부터 가공을 통해 분석 결과까지 도출할 수 있는 전체 분석 프로세스 경험이 있으신 분 - Python, R등의 데이터 분석툴을 활용한 모델링 경험이 있으신 분 - 숫자를 바탕으로 현상에 대한 원인을 논리적으로..."
fd8a97dad47c34d2,[카카오엔터테인먼트/판교] 데이터 엔지니어,카카오페이지 성남 분당구,,"우대사항 - Impala, Hive, Presto 등의 분산 SQL 쿼리 엔진에 익숙하신 분 - Python, Scala 등 대규모로 데이터를 처리할 수 있는 언어에 익숙하신 분 - Airflow 등의 Workflow..."
818d5c4e3d4e8c76,디지털자산(암호화폐) 퀀트 트레이더 (경력),네오위즈 대한민국,,"경험이 있는 분 - 또는 운용사 및 증권회사에서 근무한 경력이 있는 분 우대사항 - 프로그래밍 능력( Python, R 등)을 보유하고, 개발해 본 경험이 있는 분 - 컴퓨터공학, 금융공학, 수학, 통계학을 전공한 분..."
be95b5718905880f,AI/빅데이터/클라우드 분야 (인재 Pool),LG유플러스 3.8 서울,,"의미한 인사이트 발굴 - R, Python, SQL 등 Statistics... 등)의 다양한 솔루션을 활용하여 서비스 개발 경험자 2) Java, Python 등 프로그래밍 개발 경험 보유자 3) Container 기반 서비스..."
9040dba1c8db2a5d,퀀트운용팀 (사원-대리급),신한비엔피파리바자산운용 대한민국,,지식 보유자 - 투자자산운용사 자격증 소지자 우대 - CFA/CAIA/CPA 자격증 소지자 우대 - VBA/ Python 활용한 업무 가능자 우대 - 관련 전공 및 석박사 학위/금융 관련 자격증 보유자 우대 3. 전형방법...
da5d4dd560fb6f85,Data Scientist,Garrett Advancing Motion 경기도,,"System/Data Integration • High level programming skills ( Python, R, Matlab, C++ or Java) • Machine Learning Algorithms..."
4cd34228af5013fd,DGIST 2019년 제1차 계약직원 공개채용 공고,대구경북과학기술원 대구 현풍면,,"우수자(SPSS, R 등 통계패키지) 외국어(영어) 구사 능력 우수자 Programming(MATLAB, Python, C/C++ 등) 가능자 · 근무기간 : 2019.3.11.~2020.3.10. ※ 단, 재계약 평가에..."
71c47ac87bb4087e,기술 인턴 인공지능 응용 연구/개발 인턴,써로마인드로보틱스 서울 관악구,,"6개월) (협의) *모집 절차: 서류 à인터뷰(오프라인) *지원 자격: 프로그래밍 언어 활용 능력: Python, C, C++ 중 1가지 이상 데이터구조, 알고리즘 과목 이수 머신러닝과 딥러닝의 기본 개념 이해 머신러닝..."
4bd70fb8a220d90d,[Janssen] Data Scientist,Johnson & Johnson Family of Companies 4.2 서울,,"Expertise in one or more programming languages... R, Python or SAS. 7. Knowledge of relational database architecture..."
2ee1a4bf9f9c07eb,2021 CTO 신입사원,LG디스플레이 3.4 서울 마곡역,,"이공계 전공자 (전기/전자/컴퓨터전공/정보통신 등) - S/W 경험자 (C/ C++/ MATLAB/ Python) 우대조건 - H/W (FPGA, Verilog) 경험자 - 영상 처리 관련 전공자 - 이공계 석사 학위자..."
2f3018ed2fab367e,[KSTEC] 2021년 경력 사원 (SW개발자),지식시스템 성남 분당구,,"능화 (의사결정 자동화) 시스템 개발 (SPSS, SAS, R, Python, Java 기반) 2. 기업용 데이터과학 & 인공지능 플랫폼... 1. SPSS, SAS, R, Python, Java 등 데이터분석..."
4adac8923476d038,프랭클린템플턴투신운용 Junior Trader (Quant base 필수...,프랭클린템플턴투신 대한민국,,"object-oriented programming and intermediate programming proficiency in Python, R or MATLAB, and SQL are essential. Licenses..."
b95d00f1145e5ef3,(광주취업맛집1위)2021년도 국비 기술교육생,대한상공회의소 광주인력개발원 광주 광산구,,통신·모바일·게임>빅데이터·AI(인공지능)>데이터분석|인터넷·IT·통신·모바일·게임>빅데이터·AI(인공지능)> Python|인터넷·IT·통신·모바일·게임>빅데이터·AI(인공지능)>머신러닝|인터넷·IT·통신·모바일·게임>빅데이터...
4f2835fd73c9e3c7,Application Engineer III - (E3),Applied Materials Inc. 대한민국,,"trainer. 7. Direct experience of algorithm writing (e.g., R, Python... plus. 8. Travel to international locations at ~25..."
28292281fa610684,Data Analyst 모집,한독약품 서울,,"Skill MS Office (특히, Excel 상) 활용 능통자 데이터 분석 Tool (SQL, Python, R) 활용자 우대 Tableau, Power BI 활용 능통자 우대 경력채용 서울 강남구 역삼동 본사..."
a64e1e21f61265ce,각 분야별 인재 Pool 등록,지투알 서울,,"자 - 데이터 분석 툴(Adobe Analytics 또는 Google Analytics) 유경험자 우대 - Python, R, SQL 역량 보유자 우대 - 데이터에 기반한 문제해결 능력 및 통계학적 지식 보유자 우대 - 담당..."
4698c0e2364b5576,[넥슨·엔씨소프트등] 자바·파이썬 응용SW 개발자 양성교육 · 동종업계...,한국직업전문학교 서울 구로구,,통신·모바일·게임>응용프로그래머> Python|인터넷·IT·통신·모바일·게임... 웹프로그래머> Python|인터넷·IT·통신·모바일·게임>웹프로그래머>웹개발|인터넷·IT·통신·모바일·게임>빅데이터·AI(인공지능)> Python|인터넷...
1c2dec1a2156f6aa,(데이터개발) API플랫폼 개발자,Nexon 성남 분당구,,"architecture를 구현하고 이를 효과적으로 관리할 수 있는 기반 개발 지원자격 - Java, Go, Python 중 한 가지 이상의 언어를 이용한 웹 서비스 개발 경험이 있으신 분 - MySQL 등의 RDBMS..."
b86da88c2546f564,"Software Engineer, University Graduate",Google 4.3 서울,,"languages, including... limited to: Java, C/C++, Python, JavaScript, or Go. Experience working with one or more from..."
e9ac1a8708b8e784,[상시 ] Data Scientist (대리급/과-차장급/정규직),라이나생명보험 서울 종로구,,"데이터 분석 프로젝트 수행 경험 3년 이상 3년 이상의 R, SQL, Python 등 프로그래밍 언어 활용 경험 최신 AI 관련 기술을 포함한 다양한... 수행 경험 7년 이상의 R, SQL, Python 등 프로그래밍 언어 활용..."
cd40cf786e32f325,사내 및 서비스 보안 담당자 (경력),네오위즈 대한민국,,"GuardDuty, WAF, VPC Flow Logs 분석 등)이 있으신 분 - 각종 스크립트 언어(Perl, Python, shell script 등)의 활용 능력을 가진 분 - 모바일 게임 앱에 대한 보안 검수 경험이..."
750bd649ca4aec64,Operation Buyer(Contractor),Edwards Korea Ltd 충청남도 천안,,"programming languages or statistical software – ex) C++, Python, VBA, R, MATLAB, Minitab, SPC Start a journey towards..."
c7066e55b8901046,Embedded Firmware Engineer,Belkin 서울 강남구,,"experience in C/C++, Java and scripting languages... Python and Shell. • Extensive knowledge of Unix/Linux environments..."
74f109233a14e204,Technical Consultant Intern,Amazon Web Services Korea LLC 서울,,Programming in one or more object-oriented languages like Java/ Python/C#/Ruby/Objective C/C++ · Knowledge... primary AWS...
e64d2f1e2de938b4,Solutions Architect,Amazon Web Services Korea LLC 서울,,"languages... Ruby, Python and Node... 현대 개발 언어에 대한 실무적 지식: 루비 (Ruby), 파이썬 ( Python), Node.js 등 · 개발자 및 IT 운영자 대상의 신기술 전파에..."
05aa5498d84c58e1,데이터 엔지니어(신입/경력),쏘카 대한민국,,"있는 분 • 데이터 분석팀 및 유관 부서와의 원활한 소통을 위한 기본적인 쿼리 작성 능력을 갖춘 분 • Python 또는 Java, Scala, C++, C# 등의 언어를 최소 1개 이상 능숙하게 사용할 수 있는 분 • 대용..."
2b09f13b5790dd69,2021년 한화시스템 방산부문 프로젝트/기간제 엔지니어 채용(상시),한화그룹 4.2 서울,,분야 경험자 [우대 요건] 무인기 GCS 개발 유경험자 SW시험/분석 도구 개발 유경험자 C/C++/C#/ Python/JAVA 프로그래밍 숙련자 0명 판교 한화인1:1문의하기 활용 지휘통제-SW 계약기간 : 입사 시...
f41de62a2726ec99,Field Application Engineer,BASF Asia Pacific 서울,,"team player Other Bonus skills that would impress us: Python, Java, or C# Basic electronics knowledge (you can read..."
b647e33d03c852bb,[PUBG Studio Analytics] Data Analyst,PUBG 서울,,"especially with data science and visualization libraries in Python or R • Strong oral, organizational, and written..."
ffac42e32db26233,Product Engineer II - Liberate,Cadence Design Systems 경기도,,"problems and propose solution Automation skills using Tcl, Python, Perl and shell scripting Bachelor/Master in EE with 5+..."
ea17a8799e24b598,퀀트투자팀 경력,에이치디씨자산운용 대한민국,,학력 소지자 - 해당 업무경력 2년 이상의 경력자 우대 - Passive 상품 관련 경험자 우대 - Python 등 프로그래밍 가능한 자 - 투자자산운용사 우대 - 영어 능통자 우대 2. 전형절차 1차 서류전형...
754be9e3d78fa802,2021년 상반기 R&D 개발자 (병역특례 가능/경력 무관),네오스텍 인천 연수구,,"담당업무: - 블루투스 메시 기반 위치 추적 솔루션 개발 - 상기 솔루션의 임베디드 펌웨어 개발 - C(필수), Python, Javascript 프로그래밍 언어 사용 - 기술 지원 [자격요건] 경력사항: 무관 (신입도 지원..."
092d062a6faa7139,데이터 분석가 모집,카카오 4.0 성남 판교역,,"이터 분석 지원자격 데이터 분석 업무를 수행할 수 있는 하나 이상의 언어 스킬 필수 (예. SQL, Python, R 등) 데이터 기반 프로젝트 경험이 있으신 분 (예: 통계 분석 프로젝트) 어떤 일이라도 중요하게 여기..."
f9c62ca17df264f7,[청년디지털일자리][신입/정규] 광고 솔루션 개발 (Python),니트머스 서울 중구,"연봉 28,000,000원 - 30,000,000원","솔루션 개발 ( Python)모집 모집부문 및 자격요건 담당업무 자격요건 인원 [담당업무] 광고 솔루션 개발 ( python) [근무부서 및... 3년)졸업 직무기술: 개발자, Python [우대사항] 자격증: 정보처..."
583c20483b4f707b,2021 IT분야 경력직,위세아이텍 성남 분당구,,"위한 데이터마트 설계 및 개발 예측분석 컨설팅, 정형/비정형 융합분석 등업무관련 3년 이상 경력자 R, Python 가능한 사람 [우대사항] 예측분석 컨설팅 및 프로젝트 PM/PL 경험자 관련분야 사업제안 및 교육 경험자..."
f48fce9347cca7ab,[뉴플랫폼기술] 클라우드 보안플랫폼 개발자,한국카카오은행 성남 분당구,,"클라우드(AWS, Azure, GCP등)를 운영한 경험이 1년 이상인 분 · 하나 이상의 프로그래밍 언어( python, java, node js등)에 익숙한 분 우대사항 · 유연한 사고로 문제 해결을 위한 커뮤니케이션 및..."
eaee1538d8cc832f,메시지발송 플랫폼 개발자,Nexon 성남 분당구,,"개발 가능하면서 python 개발 경험 소유자(또는 Python 개발 가능... NET 또는 python 개발 경력 5년이상 - 자동화를 위한 스크립트(powershell, bash, python 등) 경험 - Windows..."
aa4f54d9c677fd73,인프라보안,NHN 4.4 성남 판교역,,"영역별 취약점에 대한 충분한 이해 - CVE 보안취약점 분석 및 대응 역량 - C, Java, Python 등을 통한 업무 자동화 및 분석도구 개발 경험 - 리버스 엔지니어링에 능숙하거나 다수의 버그바..."
ce7849f8b35e1c3e,Technical Enablement Manager,DataDog 서울,,"Kubernetes or Rancher etc.. Scripting languages like Python, Javascript, Ruby, Perl, Go, PHP, or Chef/Puppet etc.. Why You..."
e8a4630bec0783e8,2021 Market Data Analyst - Seoul,Bloomberg 서울,,"work experience using one more programming language... Python, SQL and R Fluency in Korean and English (both spoken..."
010d38b18b07b6bb,데이터 분야 경력,LG CNS 3.7 서울,,"해가 뛰어난 자 - R, Python, SAS, SQL 등 활용 역량 우대사항(해당 내용 중 1개 이상) - ML/DL 경험 인력 우대 - 관련 분야 석사 이상 학위 소지자 우대 - R, Python등 데이터분석 모델링 경험..."
96688eea9c1a9e28,Security Engineer (취약점 분석),Toss 서울 강남구,,"# 자격 요건 - 모의해킹 및 취약점 점검 경력이 있는 분 - 소스 코드 정적 취약점 점검에 능숙한 분 - Python, C, C++, JAVA 중 프로그래밍 언어에 능숙한 분 # 우대 사항 - 국내 또는 국외 버그 바운티..."
e393fa440b668be7,Data Analyst,Toss 서울 강남구,,"소지하신 분 혹은 경험이 풍부하신 분 - Data Warehouse 구축 지식이나 경험이 있으신 분 - Python, R, Spark 등 언어 및 데이터 프로세싱 프레임워크에 대한 이해도가 높은 분 - 필요한 데이터를 스스로..."
389765da1bee869b,[대구]데이터 분석 연구원 (Python/R),드림아이디어소프트 대구 동구,,"3년) 성별 무관 기타 담당업무 [대구]데이터 분석 연구원 채용 ( Python/R) 커리어 양식 지원 상세모집요강 접수기간/방법 시작일 2021... 산업 직무별(직종) 웹프로그래머 Python 응용프로그래머전산전공, Java..."
b6b000f15a77f402,"협동로봇, 메카트로닉스, 공정엔지니어 외 신입 정규직",씨엔로봇 대전 중구,,"활용 교직원 연수 - 실습장비 활용 학생 연수 - 실습장비 납품 후 활용 교육 ㅇ 협동로봇 티칭 및 교육 - Python, ROS, C# 등 프로그래밍 및 교육 - PLC, HMI 프로그래밍 및 교육 [근무부서 및 직급/직책..."
91c2d81a6d0280f8,Server Engineer (Engineering Foundation),뱅크샐러드 서울 영등포구,,"대한 지식 및 판단을 토대로 뱅크샐러드 적용 가능성 제시 자격 요건 Golang/Java(Kotlin)/ Python 중 하나 이상을 이용한 서비스 설계 및 개발 경험 보유 CS Fundamental (자료 구조, 운영체제..."
eb829348e526fe99,SK M&Service DBM/CRM분석 담당자,SK M&Service 서울특별시,,"추출 역량 - Web/App. Log Data 분석 역량 - SQL, R, Python을 이용한 데이터 분석 역량(SQL필수, R/ Python 선택적) - Excel 활용 및 Data Handling 역량 - 마케팅..."
bc58d02a3ec4d31c,[신한저축은행] 경력직원,신한저축은행 서울 중구,,통신·모바일·게임>빅데이터·AI(인공지능)>빅데이터|인터넷·IT·통신·모바일·게임>빅데이터·AI(인공지능)> Python|인터넷·IT·통신·모바일·게임>빅데이터·AI(인공지능)>데이터분석|인터넷·IT·통신·모바일·게임>빅데이터...
974eb418d26e28ab,로봇 시스템 아키텍쳐 및 다중 분산 시스템 아키텍쳐,국내 대기업 / 화물 운송업 / 조단위 이상 매출 기업 서울 중구,,"경험 또는 물류사업 이해도를 갖춘 경력 우대 • 요구조건 - 중급 이상의 프로그래밍 언어 (C/C++, Python, JAVA) 활용능력 보유자 - 영어/중국어 회화 중급(OPIc IM2 또는 이에 상응하는 레벨) 이상..."
4bfb17b42e2d7728,Field Algorithm Engineer,Nova Measuring Instruments 경기도 화성,,long periods of time (up to 1 month each time). Programming – python proficient. Machine learning and data science experience...
c180958f6ef66e09,[국비무료/기숙사지원] 2021 혁신성장 빅데이터 분석가 양성 교육생,고려대학교 세종캠퍼스 세종특별자치시 세종,,모바일·게임>빅데이터·AI(인공지능)>데이터분석|인터넷·IT·통신·모바일·게임>빅데이터·AI(인공지능)> Python|인터넷·IT·통신·모바일·게임>빅데이터·AI(인공지능)>인공지능(AI)|인터넷·IT·통신·모바일·게임>빅데이...
df21e3bb5d773616,Python Programmer,Mofac 서울 서초구,,개발 – JAVA 프로그래밍(라이브러리 활용) – Spring 프레임 워크 개발 – Python API 프로그래밍 우대사항 – Python 개발 경험 – Open Source 라이브러리 개발경험 – Web 표준에 대한 경험...
4b15dd8e45f0fd01,AR App Engineer,Hyperconnect 서울,,"C/C++ OpenGL/Vulkan/Metal 1 ARcore ARKit 1 / / Java, Objective C(Swift), Python OpenCV (Image Processing... 10:00 - 7:00)"
54e0d08c99dcf507,MI(Market Intelligence)담당 마케팅 전략 경력사원,LG전자 3.8 서울 영등포구,,"마케팅 전략/방향성 도출 경험 보유 4) 우대 사항 - 통계 분석 및 프로그래밍 언어 역량 보유: R, python, Java, SPSS, Tableau, etc. - 영어 능통 역량: 해외법인과 영어 화상 회의 및 현지..."
80dea8b8353c3ee0,System Engineer,Toss 서울 강남구,,"# 자격 요건 - Linux 환경에서 대용량 TPS 운영 경험이 있으신 분 - 스크립트 언어(shell, python, Perl, Ruby 등)를 사용하여 인프라 운영이 가능하신 분 - HTTP, TCP/IP 프로토콜에 대한..."
741cc6ac364ea9be,Internal Infra Engineer,Toss 서울 강남구,,분 # 우대 사항 - Nutanix/VMWare 구축 운영 경험이 있으신 분 - Powershell 또는 Python 등을 사용한 시스템 관리 자동화 경험이 있으신 분 - 100명 이상 규모의 L3/L4 네트워크 관리 또는...
add880a19f345249,"Customer Engineer, Machine Learning, Goo...",Google 4.3 서울,,"Caffe, as well as numerical programming frameworks... Python or MATLAB. Preferred qualifications: Master's degree..."
241ae1e7499c461c,Security Engineer (모의해킹/취약점 점검),Toss 서울 강남구,,"그바운트 경험이 있는 분 - 해킹대회 우승 경력이 있는 분 - 다양한 플랫폼 보안 진단 경험이 있는 분 - Python, C, C++, C#, JAVA 중 프로그래밍 언어에 능숙 하신 분 # 현업 인터뷰 - 결제 산업의 미래..."
7cb5c3076d1701db,"Field Applications Engineer, Audio",Dolby 서울,,"High level or detailed knowledge of SOC design. C/C++, python coding skills. Knowledge of music, audio/video production..."
3933762f9f06df56,Data Scientist(CSS 모델링),Toss 서울 강남구,,"3년 이상) - 머신러닝 등 최신 알고리즘을 활용하여 실제 비즈니스 문제 해결 경험이 있으신 분 - SQL, Python, R 등 통계/분석 프로그램을 다룰 수 있으신 분 # 우대 사항 - 금융권 데이터 분석 및 모델링 업무..."
65a16cb5a580089f,Senior Solutions Consultant,Cloudera 서울,,"tools Familiarity with scripting tools... bash shell scripts, Python... Perl, Ansible, Chef, Puppet Solid background..."
a746de9c7a6168ef,Healthcare Real World Data Analyst 담당자,IQVIA 서울,,"HEOR 전반적인 업무 수행 Qualifications Claims Data 관련 분석 경력자 SAS / Python / R 등 통계 프로그래밍 언어 사용 가능자 통계학 전공자, 통계 및 Epidemiology 관련 석사..."
8ae150ee0df56848,Application Engineer South Korea (Physic...,Zurich Instruments 부산 +1 지역,,"Korean * experience in programming languages LabVIEW, MATLAB, Python or C is a plus * availability to travel, around 25..."
d87dc8049ef2536f,소프트웨어 개발자(python),화인기계전자 대구 달서구,"월급 1,900,000원",[직무내용] python 프로그램를 통한 소프트웨어 개발자 [근무시간 및 형태] 주 5일 근무 (오전) 8시 30분~(오후) 5시 30분 주소정근로시간 : 40시간 [급여조건] - 월급 1900000원 이상 - 상여금...
d05f4a61fa7270c9,Sr Field Engineer I,Raytheon Intelligence & Space 경기도 오산 +1 지역,,"Redhat Linux System Administration, UNIX shell/PERL/ python scripting, Cisco network administration, Oracle or Weblogic..."
b2661d357cf26c8f,플랫폼쉴드 시스템 개발,Nexon 성남 분당구,,"IP, 평판 등의 정보) 지원자격 - 전체 개발 경력 3~5년 - Python, Go 개발경력 우대(팀 내부 주 개발 언어가 Go, Python) - 비동기, 병렬처리 프로그래밍 기술 - OS, DB, H/W, 네트워..."
b102b3d8f193a4c1,2021 GEDP (Global Engineering Developmen...,GE Appliances 경기도 성남,,using C programming language Scripting languages like Lua/ Python/JavaScript may also be used if needed Support connected...
7af6301dc691d3ab,Data Scientist,Toss 서울 강남구,,"실무 경험 5년 이상 갖추신 분 - 실제 서비스 데이터를 이용한 분석모델 개발 경험이 있으신 분 - R, Python, Scala, SQL 등 데이터 분석의 업무를 수행할 수 있는 하나 이상의 개발 언어에 능숙하신 분 #..."
650893f0672cebc3,테크센터개발팀 - 웹 프로그래머,Nexon 성남 분당구,,"웹 어플리케이션 개발 경력 3년 이상 - 프로그래밍 언어 무관 (C#, Java, Javascript, Python, Go, PHP 등) - 프레임워크 무관 ( .NET MVC, Spring, node.js(Express..."
b647e33d03c852bb,[PUBG Studio Analytics] Data Analyst,PUBG 서울,,"especially with data science and visualization libraries in Python or R • Strong oral, organizational, and written..."
e393fa440b668be7,Data Analyst,Toss 서울 강남구,,"소지하신 분 혹은 경험이 풍부하신 분 - Data Warehouse 구축 지식이나 경험이 있으신 분 - Python, R, Spark 등 언어 및 데이터 프로세싱 프레임워크에 대한 이해도가 높은 분 - 필요한 데이터를 스스로..."
741cc6ac364ea9be,Internal Infra Engineer,Toss 서울 강남구,,분 # 우대 사항 - Nutanix/VMWare 구축 운영 경험이 있으신 분 - Powershell 또는 Python 등을 사용한 시스템 관리 자동화 경험이 있으신 분 - 100명 이상 규모의 L3/L4 네트워크 관리 또는...
beb32c9ff3afbadf,(전원인턴연계/전액무료) 정보보호산업 맞춤형 인재 양성과정 교육생,한국정보보호산업협회 서울,,로그래머>백엔드|인터넷·IT·통신·모바일·게임>웹프로그래머>프론트엔드|인터넷·IT·통신·모바일·게임>웹프로그래머> Python|인터넷·IT·통신·모바일·게임>웹프로그래머>ASP.NET|인터넷·IT·통신·모바일·게임>웹프로그래머...
8af26b37623864c4,8퍼센트 개발자 (신입/경력),8퍼센트 서울 종로구,,개발 금융 데이터 분석과 분석 플랫폼 운영 자격요건 컴퓨터 전공자 또는 웹 개발 경력 1년 이상 우대사항 Python 코드를 무리 없이 읽으실 수 있는 분 Linux/Mac 사용 가능한 분 새로운 기술에 대한 호기심을 가지신...
c180958f6ef66e09,[국비무료/기숙사지원] 2021 혁신성장 빅데이터 분석가 양성 교육생,고려대학교 세종캠퍼스 세종특별자치시 세종,,모바일·게임>빅데이터·AI(인공지능)>데이터분석|인터넷·IT·통신·모바일·게임>빅데이터·AI(인공지능)> Python|인터넷·IT·통신·모바일·게임>빅데이터·AI(인공지능)>인공지능(AI)|인터넷·IT·통신·모바일·게임>빅데이...
f5f5f902d240ac96,Data Scientist,Toss 서울 강남구,,"또는 실무 경험 5년 이상 갖춘 분 - 실제 서비스 데이터를 이용한 분석모델 개발 경험이 있는 분 - R, Python, Scala, SQL 등 데이터 분석의 업무를 수행할 수 있는 하나 이상의 개발 언어에 능숙한 분 #..."
b574f1454ae36aab,Cross Border Ecommerce - Business Intell...,Shopee 서울,,business analyst related roles Proficient in SQL and Python Strong analytical skill and sensitivity to data Strong oral...
55a19c92c845685e,Developer / Designer recruit,마이뮤직테이스트 서울 논현동,,"language (i.e Python, Ruby, Java, .Net... High proficiency in Python... knowledge... least one Python web framework..."
f646e85ff3e17ed8,Data Scientist - IBM Garage,IBM 3.9 서울,,"programming languages to derive meaningful data insights (e.g., Python, R, Spark, TensorFlow, Jupyter, etc.) * Possess..."
13c255d208b7a645,금융공학연구소 신입 및 경력직원,KIS채권평가 대한민국,,"담당업무: - 금융공학 연구 및 개발 *필요 직무 능력: 1. 금융공학, 수학/통계 관련 전공자 2. C / Python 프로그래밍 가능한 자 3. 우대 조건 - Derivatives Pricing에 대한 이해 및 경험 우대..."
d05f4a61fa7270c9,Sr Field Engineer I,Raytheon Intelligence & Space 경기도 오산 +1 지역,,"Redhat Linux System Administration, UNIX shell/PERL/ python scripting, Cisco network administration, Oracle or Weblogic..."
435663522cee4824,빅데이터 분석 신입 및 경력,데이터사이언스랩 성남 분당구,,통신·모바일·게임>빅데이터·AI(인공지능)>데이터분석|인터넷·IT·통신·모바일·게임>빅데이터·AI(인공지능)> Python|인터넷·IT·통신·모바일·게임>빅데이터·AI(인공지능)>머신러닝|인터넷·IT·통신·모바일·게임>빅데이터...
a1d687cd59776360,머신러닝 개발,Nexon 성남 분당구,,모델 개발 - 머신러닝을 위한 솔루션 프로토타이핑 - 머신러닝 파이프라인 설계 및 구축 지원자격 - Python에 숙련된 프로그래밍 능력과 머신러닝 라이브러리 활용 경험 - 머신러닝과 강화학습에 관련된 지식 습득 혹은...
91c2d81a6d0280f8,Server Engineer (Engineering Foundation),뱅크샐러드 서울 영등포구,,"대한 지식 및 판단을 토대로 뱅크샐러드 적용 가능성 제시 자격 요건 Golang/Java(Kotlin)/ Python 중 하나 이상을 이용한 서비스 설계 및 개발 경험 보유 CS Fundamental (자료 구조, 운영체제..."
a4b72e38fb50bde0,콘텐츠서비스개발- 데이터엔지니어,Nexon 성남 분당구,,및 운영 - 서비스 자동화 업무 지원자격 - 경력제한 없음 - Python 또는 NodeJS를 활용한 시스템 개발 경험 - Linux 기반의... 론트엔드 및 웹 개발 경험 - Python 또는 Scala를 활용한 데이...
7b04030358d701b1,[서울시뉴딜] 디지털사이니지 · 실감콘텐츠 분야 전문인력 양성 교육 /...,스마트미디어산업진흥협회 서울,,통신·모바일·게임>웹프로그래머> Python|인터넷·IT·통신·모바일·게임... 로그래머>머신러닝(ML)|인터넷·IT·통신·모바일·게임>응용프로그래머> Python|인터넷·IT·통신·모바일·게임>응용프로그래머>증강현실(AR)|인터넷...
80dea8b8353c3ee0,System Engineer,Toss 서울 강남구,,"# 자격 요건 - Linux 환경에서 대용량 TPS 운영 경험이 있으신 분 - 스크립트 언어(shell, python, Perl, Ruby 등)를 사용하여 인프라 운영이 가능하신 분 - HTTP, TCP/IP 프로토콜에 대한..."
7bf179a290a157b2,경험최적화파트 - 머신러닝 엔지니어,Nexon 성남 분당구,,모델 개발 - 머신러닝을 위한 솔루션 프로토타이핑 - 머신러닝 파이프라인 설계 및 구축 지원자격 - Python에 숙련된 프로그래밍 능력과 머신러닝 라이브러리 활용 경험 - 머신러닝과 강화학습에 관련된 지식 습득 혹은...
4910d33b5b470a5f,[Clova CIC] AI/ML 개발 인턴사원,네이버 서울,,"대한 기본 지식 - PyTorch나 Tensorflow와 같은 딥러닝 프레임워크에 대한 지식 및 개발 경험 - Python을 사용한 소프트웨어 개발 경험 우대사항 - 컴퓨터과학, 컴퓨터 엔지니어링, 수학 및 관련 분야 전공..."
2cba7f99a3af696d,AI 소프트웨어 개발 업무,(주)솔루게이트 서울 가산디지털단지역,"연봉 30,000,000원 - 70,000,000원","챗봇, 자연어, 인공지능, 음성인식과 연관된 논문 제출 경험자 4. 개발 언어 : JAVA, C , Python 근무 형태: 정규직 급여: 30,000,000원 - 70,000,000원 연봉 코로나19 관련 안내..."
a2b8aae664300392,신한AI 인공지능(AI) 인력,신한에이아이 서울 영등포구,,"련전공 : 인공지능 / 수학 / 산업공학 / 컴퓨터공학 / 통계 관련 [우대사항] - 프로그래밍 숙련자 ( python 外 C++, Java 등) - 금융데이터 또는 시계열 데이터 기반 인공지능 모델 구축 및 운영경험 - 강화..."
481f953ccaa4bc96,머신러닝 개발자 모집,넷마블 서울 구로구,,"시스템 운영 효율화 및 고도화 자격요건 - ML 관련 분야 경력 6년 이상 - Cloud 서비스 활용 경험 - Python, C/C++, SQL 사용 가능 - Tensorflow 또는 상응하는 라이브러리 활용 경험 우대사항..."
b8c6ad4bd3f32e3d,AI 개발자,넷아이디 서울 강남구,"연봉 35,000,000원 - 40,000,000원",인터넷·IT·통신·모바일·게임>응용프로그래머>머신러닝(ML)|인터넷·IT·통신·모바일·게임>응용프로그래머> Python|인터넷·IT·통신·모바일·게임>ERP·시스템분석·설계>인공지능(AI)서비스기획|인터넷·IT·통신·모바일...
2b2dcd3ffe3d53df,카카오 데이터의 가치를 발굴할 데이터 분석가 모집,카카오 4.0 성남 판교역,,"기술 통계량 이해 및 해석) 데이터 분석 업무를 수행할 수 있는 언어 스킬 필수 SQL 필수 R 또는 Python을 다룰 수 있는 분 (SAS, SPSS, GA, tableau 등 통계 툴만 사용 가능한 경우 제외) 하둡..."
da5c549bf1a76ded,데이터 사이언스(데이터 모델링 및 추천 모델링),NHN 4.4 성남 판교역,,"AB테스트, 결과 해석 등) - 리눅스 환경에서 머신 러닝 및 데이터 분석 관련 언어, 라이브러리( Python, R, SQL, tensorflow 등) 능숙한 활용 - 머신러닝, 추천 , 딥러닝 관련 논문을..."
d69404445ed8afc5,Senior Data Engineer,뱅크샐러드 서울 영등포구,,"준의 대용량 데이터 처리 시스템 개발 및 운영 경험 클라우드 기반의 Data Lake 개발 및 운영 경험 Python 또는 JVM 기반 언어(Java, Scala) 중 하나 이상을 능숙히 사용 고객 경험 중심의 협업 기술 및..."
66d8a42fa933e7d0,2021년 상반기 정보보안 엔지니어 - 취약점파트,인섹시큐리티 서울 금천구,,10에 대한 설명과 구현/조치 가능 - 국내 컴플라이언스 대응 경험 (주요정보통신기반시설 가이드 등) - Python 활용자 - Kali 및 Metasploit 경험자 * 자격요건과 우대사항은 필수가 아닙니다. 0 명 근무조...
c8bf4fa58999927f,AI 분야 석/박사 신입/경력,LG CNS 3.7 서울,,"이상 (AI 관련 논문 발표) ② AI/딥러닝 알고리즘 연구개발 프로젝트 경험 ③ Ubuntu Linux, Python, Tensorflow, PyTorch 사용 중상급 이상 우대사항(해당 내용 중 1개 이상) ① AI/머신..."
cab21e996b418910,[시스템팀] 시스템 엔지니어,심플렉스 고양 일산동구,,"DNS, IIS 등) 기본 지식 - script(bash, perl, python, powershell 등)에 대한 이해 또는 개발 역량 - 시스템... 경험 - bash, perl, python, powershell 스크립트..."
46975ee759c13b8a,데이터 분석/처리 플랫폼 개발,NHN 4.4 성남 판교역,,"데이터 수집, 처리 및 지표 분석 경험 - 데이터 기반의 문제해결 역량 및 논리적 사고 - Java, Python, Scala 중 최소 1가지 언어를 이용한 데이터 분석 및 소프트웨어 개발 역량 - 통계분석..."
eb829348e526fe99,SK M&Service DBM/CRM분석 담당자,SK M&Service 서울특별시,,"추출 역량 - Web/App. Log Data 분석 역량 - SQL, R, Python을 이용한 데이터 분석 역량(SQL필수, R/ Python 선택적) - Excel 활용 및 Data Handling 역량 - 마케팅..."
add880a19f345249,"Customer Engineer, Machine Learning, Goo...",Google 4.3 서울,,"Caffe, as well as numerical programming frameworks... Python or MATLAB. Preferred qualifications: Master's degree..."
b102b3d8f193a4c1,2021 GEDP (Global Engineering Developmen...,GE Appliances 경기도 성남,,using C programming language Scripting languages like Lua/ Python/JavaScript may also be used if needed Support connected...
ceb8243bc8ae3c35,[데이터 플랫폼]데이터 엔지니어 (전문연구요원 가능),버즈니 서울,,및 유지보수 이런 분을 찾습니다 관련 업무 경력 최소 3년 이상 있으신 분 (전문연구요원의 경우 경력 무관) Python 및 기반 데이터 플랫폼 개발 경험이 있으신 분 Docker(Contatiner) 기반 시스템 환경 구축...
0224e8cd9aba5320,Network Engineer,Blizzard Entertainment 서울,,Environment and troubleshooting Linux network configuration. Python/Bash scripting experience. Bachelor’s degree in computer...
e9ac1a8708b8e784,[상시 ] Data Scientist (대리급/과-차장급/정규직),라이나생명보험 서울 종로구,,"데이터 분석 프로젝트 수행 경험 3년 이상 3년 이상의 R, SQL, Python 등 프로그래밍 언어 활용 경험 최신 AI 관련 기술을 포함한 다양한... 수행 경험 7년 이상의 R, SQL, Python 등 프로그래밍 언어 활용..."
385c58c7ced1d77b,데이터 사이언티스트를 지향하는 데이터 엔지니어 모집,카카오 4.0 성남 판교역,,"Spark 등 빅데이터 분석 플랫폼을 사용하여 대용량 데이터의 수집,가공이 가능한 분 프로그램 개발(Java, python 등) 기술을 보유하신 분 어떤 일이라도 중요하게 여기며 책임감 있게 진행할 수 있으신 분 자신의 생각..."
7a10f3521337083b,"Perception Engineer, Deep Learning - Aut...",NVIDIA 서울,,"PyTorch, etc). Strong programming skills in C++... python. Outstanding communication and collaboration skills as we..."
166aa0c72e94a266,Business Data Analyst,Soomgo 서울 강남구,,"즈니스에 적용하고 개선한 경험 (Google Optimize, Optimizely, 등) 우대사항 • Python 또는 R 을 사용하여 데이터 분석에 활용 가능 • 경영학, 통계학, 경제학, data analysis 등..."
cac18e6bcbee5a21,Front end 개발자,브릭 성남 분당구,"연봉 28,000,000원","ElasticSearch 사용 언어 (빈도수 순) : Java, C#, Javascript, Scala, Python, R, C++ 7. 근무 조건 근무장소 : 경기도 성남시 분당구 판교역로 230, 309호(삼환하이펙스..."
68a69dd27ac61230,(데이터개발) 데이터 엔지니어,Nexon 성남 분당구,,"끊임없이 흐르는 데이터를 모니터링하고 오류를 감지하는 시스템을 구축 지원자격 - Linux 환경에서 Python, Scala, Java, Go 중 한 가지 이상의 언어로 개발이 가능하신 분 - 자료구조, 알고리즘, 데이터..."
754be9e3d78fa802,2021년 상반기 R&D 개발자 (병역특례 가능/경력 무관),네오스텍 인천 연수구,,"담당업무: - 블루투스 메시 기반 위치 추적 솔루션 개발 - 상기 솔루션의 임베디드 펌웨어 개발 - C(필수), Python, Javascript 프로그래밍 언어 사용 - 기술 지원 [자격요건] 경력사항: 무관 (신입도 지원..."
36ae5f764253d121,AI 연구 MLOps,코그넷나인 서울 서초구,,"training, Deployment System) Kubernetes GPU Cluster 관리 자격요건 Python, Golang 을 이용한 실무 개발 경험 Git 사용 실무 경험 3년 이상 Linux 인프라 세팅..."
116009dbf59211ed,퍼즐데이터 역량있는 데이터 분석가,주식회사퍼즐데이터 서울 역삼동,,"데이터 마이닝 및 통계분석에 대한 전반적인 이해 3. 관련분야(산업공학, 통계 등) 전공 4. R or Python 사용 능력 * 이런 분은 더욱 좋아요. 1. 프로세스 마이닝 지식 보유자 2. 관련분야 대학원 전공 3..."
743d56716c09004f,(주)엘솔루 R&D본부 ASR팀 개발직,㈜엘솔루 서울,,"필수사항] ㆍ프로그래밍에 재능 및 열정이 있는 자 ㆍJava, Python 중 하나 이상의 언어사용자 ㆍWeb 개발능력 ㆍ리눅스 사용 경험... 머신러닝(ML)|인터넷·IT·통신·모바일·게임>응용프로그래머> Python"
4bfb17b42e2d7728,Field Algorithm Engineer,Nova Measuring Instruments 경기도 화성,,long periods of time (up to 1 month each time). Programming – python proficient. Machine learning and data science experience...
191afaf2b0f86c57,[빅데이터플랫폼] 데이터 플랫폼 운영자,한국카카오은행 성남 분당구,,"실무 경험이 있는 분 · 클라우드 및 가상화(Docker, Kubernetes) 사용 경험이 있는 분 · Python, Shell Script 로 개발 경험이 있는 분 [공통 우대 사항] · 국가유공자 및 장애인 등 취업보호..."
ffac42e32db26233,Product Engineer II - Liberate,Cadence Design Systems 경기도,,"problems and propose solution Automation skills using Tcl, Python, Perl and shell scripting Bachelor/Master in EE with 5+..."
12f7cd6186453302,Senior Data Scientist,뱅크샐러드 서울,,"이해하고 활용하는데 어려움이 없으신 분 데이터 분석/모델링을 위한 언어 및 프레임워크 사용에 익숙하신 분 ( Python, R, SQL, Pandas, TensorFlow, Pytorch, Spark 등) 회사 내부 구성원들과..."
7ff73ca04d2c50df,계약직 기능 검증직 채용,두산로보틱스 수원 고색동,,"담당업무 - 로봇 주변기기 (그리퍼/장치류) 인터페이스 및 로봇 연계 동작 개발/검증 자격요건 - Python 언어 사용 가능자 - 통신 인터페이스(장비 프로토콜) 이해 가능자 . Serial, TCP/IP 통신..."
0b03d57e900ac140,Security Engineer (모의해킹),Toss 서울 강남구,,"분 - INTEL/ARM 아키텍처 바이너리 분석 가능한 분 - 코드리뷰를 통한 보안 진단 능숙한 분 - Python, C, C++, C#, JAVA 중 프로그래밍 언어에 능숙한 분 # 우대 사항 - 버그바운트 경험이 있는 분..."
4e91309fc89e9534,2020년 하반기 영업/기획/마케팅/개발 부문,아우토크립트 서울 영등포구,,통신·모바일·게임>응용프로그래머> Python|인터넷·IT·통신·모바일·게임... 프로그래머> Python|인터넷·IT·통신·모바일·게임>웹프로그래머>JAVA|인터넷·IT·통신·모바일·게임>빅데이터·AI(인공지능)> Python|인터넷...
7a10af25a567bb7f,정보보호 담당자,씨디네트웍스 서울 강남구,,"우대 사항 a. 비즈니스 영어 가능자 b. 오픈소스 경험자 c. 스크립트 언어 사용 가능자 ( python, shell, powershell 등 ..) d. 관련 자격증 (CISSP, CISA, CPPG, PIA..."
25725b3c0e607311,Junior Quant Trader,Byzantine Partners 서울,,background is a plus Programming capability is mandatory (i.e. Python) Understanding of machine learning algorithm is a plus...
78f5465432356e17,Sr Systems Administrator I,Raytheon Intelligence & Space 대한민국,,"Experience with Linux/Unix scripting, C++, Java, Perl, Python, Sybase... SQL. - Experience with Linux/Unix tools, YUM..."
89d4053c832fee5a,Infra Biz본부 기술지원 계약직,SK텔레콤 4.0 대한민국,,"경험 보유자 우대 - Network Protocol, IP Network, 가상화, Android/ Python Programming 등 지식 보유자 우대 ※ 전형절차 : 서류전형 -> 면접전형 -> 인성검사/신체검사..."
bcd2f0630e298aa3,클라우드 인프라 운영 담당자 모집,넷마블 서울 구로구,,"기술적인 문제점 파악 및 해결 스킬 우대 사항 - 유관 경력 5년 이상 - 인터프리터 언어 숙련자 ( Python, Ansible 등) - 컴퓨터 관련 전공 이수자 우대 - 네트워크 기본 역량 - 게임사/포탈 인프라..."
2d3b7de44ce0cbeb,Data Scientist,Motion2AI 서울,,"thinking to define unstructured problems - Experience with Python (pandas, numpy), R, SQL... VBA to deal... large..."
9c3ac69509c6200c,"아두이노 등 임베디드SW, 드론HW제작 신입/경력 정규직",탱고드론 성남 분당구,"연봉 25,000,000원 - 30,000,000원","차무관) 학력사항: 학력무관 직무기술: 아두이노, 임베디드SW개발자, Python, c프로그래밍, DJI, PixHawk FC, 드론솔루션, 드론HW... Embedded)|인터넷·IT·통신·모바일·게임>웹프로그래머> Python"
503bbbf7e16e4f59,[전문연구요원] 빅데이터 엔지니어(신입/경력),웹젠 성남 분당구,,과정 수료자 포함 ) 로서 전문연구요원 신규편입 / 전직 대상인 분 - Python 또는 C# 프로그래밍 능력 - Linux 환경에서 개발 및 운영... 신규편입 / 전직 대상인 분 - Python 또는 C# 프로그래밍 능력...
251ec7deb78d7813,2021년 상반기 Python 경력,매크로액트 성남 수정구,,커리어에 이력서를 등록하지 않으셨다면!! 상세 이력서 등록하기 지원양식 커리어 온라인 이력서 직무/산업 직무별(직종) 웹프로그래머 Python 응용프로그래머응용프로그래머 산업별(업종) 솔루션.ASP.소프트웨어 소프트웨어개발
94e6b51a16f4a0f6,Perception Software Engineer - Autonomou...,NVIDIA 대한민국,,work experience. Strong programming skills in C++ and python. Hands-on experience in developing algorithms for state...
e157aa3d21a2a1be,대학경쟁력연구원 연구직계약직원(계약직),아주대학교 3.8 수원 영통구,,"원자격  필수사항 : 석사학위 또는 박사학위 소지자  우대사항 - 데이터 분석 관련 전공자 - R, Python, SQL, Excel 등을 이용한 데이터 분석 가능자 - 시각화 툴 사용능력 및 정량적/정성적 분석..."
cb6c1cce2b2eddc2,게임 데이터 분석 및 지표개발 인원 모집,엔씨소프트 2.7 성남 판교역,,"험이 많고, 게임 시스템에 대한 이해가 높으며 서비스 런칭 경험이 있으신 분 - 데이터 분석을 위한 통계툴( Python / R / SAS / SPSS 등) 활용 가능 - 빅데이터 플랫폼(Hadoop / Hive / Spark..."
d8a8869ab092f731,데이터 엔지니어 및 사이언티스트,카카오 4.0 성남 판교역,,"등 데이터 엔지니어와 사이언티스트의 업무를 경계 없이 수행하게 됩니다. 지원자격 개발 경력 3년 이상 Python, Scala, Java, C++ 중 하나 이상의 언어에 능통 SQL 또는 HiveQL에 능통 대용량 데이..."
419692b3ddb34768,Analytics Specialist,MightyHive 서울,,"end languages ( Python, NodeJS, PHP, etc... HTML5 / CSS / JavaScript, 기타 프론트 엔드 언어 ( Python, NodeJS, PHP 등) 등 읽고 쓰는 능력 기본 혜택..."
5fabc892216e1c62,[Business Insights] Business Data Analys...,PUBG 서울,,"analytics... digital, consumer facing company • Knowledge of Python and Spark • Experience with large individual customer..."
ae5283196d38f489,"영상처리, 머신비전, 장비제어 비전센터 상반기 공개",유토시스 경기도 화성,,"응용 S/W개발 -. 운영/제어 개발 [자격요건] -. 학력 : 대졸이상 -. MFC, C++, C# 또는 Python 경험자 -. Windows기반 UI 프로그램 개발 경험자 -. 영상처리 알고리즘 개발 경험자 -. 검사장..."
afe92c03320fe1b3,카카오 광고 서비스 알고리즘 및 시스템 개발,카카오 4.0 성남 판교역,,"함께 하고 싶습니다. 지원자격(공통) 하나 이상의 프로그래밍 언어에 익숙한 분 (C/C++, Java, Python, Go, Scala 등) [알고리즘 개발 업무 관련 지원 경우] 데이터 마이닝 또는 머신러닝 지식/경험이..."
a746de9c7a6168ef,Healthcare Real World Data Analyst 담당자,IQVIA 서울,,"HEOR 전반적인 업무 수행 Qualifications Claims Data 관련 분석 경력자 SAS / Python / R 등 통계 프로그래밍 언어 사용 가능자 통계학 전공자, 통계 및 Epidemiology 관련 석사..."
63fa708f9257033a,Data Engineer,Dohands Company 서울,,"Requirements , Pandas / R / SAS Tableau Data Insight Python PostgreSql, MySQL DB SQL... Kaggle Kafka Machine Learning..."
a7c20f476b5e0a24,[암 환자 분들을 케어할] 웹 개발자,바이오크(Biock) 경기도 성남,"연봉 30,000,000원 - 80,000,000원","이런 경험을 가지신 분이면 좋겠습니다.* - 개발경력 : 1년 이상 - 사용언어 : JavaScript, Python - Framework : NodeJS, React, React-native, Django 개발 경력자..."
6a287a1fd0227609,[경력] Data Engineer – DPP,삼정 KPMG 3.3 서울 강남구,,SAP 및 Oracle 등 ERP 데이터를 이해하고 활용이 가능하신 분 (Data 조회 및 분석) - Python 등과 같은 프로그래밍 언어를 활용하여 개발이 가능하신 분 - 프로그래밍 또는 데이터분석(AI·ML 포함) 경진...
a0dda478567db352,"(주)트윔 개발자(경력직) 빅데이터,영상처리,머신비전/AI 딥러닝",트윔 경기도 화성,,"자기주도적으로 진행한 경험 - Python/C/C++ 능통자 - 데이터... RNN 등 딥러닝 이론 및 알고리즘 유경험자 - C/C++, Java, Python/TensorFlow/Caffe 사용가능자 - Matlab/R 분석..."
85929aac498299cc,데이터 사이언스 전문가 및 머신러닝 전문가 모집,카카오 4.0 성남 판교역,,명시해 주시기 바랍니다. 지원자격 개발 경력 2년 이상 머신 러닝/데이터 사이언스를 위한 언어(R/ Python/Scala) 및 도구(scikit-learn/Spark MLlib/Tensorflow/Pytorch 등)를...
7df915e1f0f86b2d,Software Architecture 설계 엔지니어,딥엑스 성남 분당구,"연봉 40,000,000원 - 100,000,000원",경험 - Windows/Linux 상에서 C++/ Python 언어 사용 개발 경험 - C++ / Python 언어 사용 개발 경험 - 객체지향 설계에... 게임>빅데이터·AI(인공지능)> Python|인터넷·IT·통신·모바일·게임...
c3cc7958ee9f5961,[KSTEC] 통계/Analytics 경력사원,지식시스템 성남 분당구,,"1. SPSS, SAS, R, Python, Java 등 데이터분석... 인공지능)>R|인터넷·IT·통신·모바일·게임>빅데이터·AI(인공지능)> Python|인터넷·IT·통신·모바일·게임>빅데이터·AI(인공지능)>데이터분석..."
1c4f1c0b625f5abd,데이터 분석 직군 모집,넷마블 서울 구로구,,"요건 - 관련 분야 경력 3년 이상 - 정형/비정형 데이터 분석 및 모델링 가능 - 통계 분석 도구 (R, Python, Tensorflow 등) 및 SQL 사용 가능 - 다양한 직군의 사람들과 원활한 커뮤니케이션 및 협업..."
fb6bafb5ae960c4e,Security Engineer (보안 엔지니어),Toss 서울 강남구,,"시스템 구축 및 운영 경험이 있는 분 - SIEM 운영, 로그 분석 및 대응 자동화 경험이 있는 분 - Python, Java 또는 C 계열 프로그래밍에 대한 높은 이해 또는 개발 경험이 있는 분 # 우대 사항 - CISSP..."
3cf01580ba5eb23a,NLP Researcher,AITRICS 서울,,"Stacks [Back-end] Language: python, golang Python Framework: Django, Bottle [Front... Language: python, golang Python Framework..."
3c516818303c4d51,Application Engineer (Silicondash),Synopsys 서울,,"disk access Programming skill of TCL, Perl, JavaScript or Python Good documentation and reporting skills are required..."
08a68b0bb9a4efdb,[국비지원] 미래유망분야 전문기술 교육생,대한상공회의소 서울기술교육센터 서울 강서구,,통신·모바일·게임>빅데이터·AI(인공지능)>데이터분석|인터넷·IT·통신·모바일·게임>빅데이터·AI(인공지능)> Python|인터넷·IT·통신·모바일·게임>빅데이터·AI(인공지능)>머신러닝|인터넷·IT·통신·모바일·게임>빅데이터...
f97d8d627c3d7362,Infra Software Engineer,Toss 서울 강남구,,"분 - Software-intensive system의 구조 설계 경험이 있는 분 - C, Golang, Python, Javascript 중 하나 이상의 언어에 능숙하신 분 # 우대 사항 - 다양한 기반 기술에 대한 이해도..."
9a818d9d91db847d,Data Analytics SA,Amazon Web Services Korea LLC 서울,,"some relevant languages, tools and frameworks (e.g python, Java, R, scala, spark, Kafka, Hadoop ecosystem, presto, Hive..."
941734205319ad3c,Investment Management Product Specialist,S&P Global 서울,,"discipline... plus. · Mastery of various scripting languages ( Python, R, Matlab, etc... other computer systems..."
19426a808d49f3eb,"(python, C++) 반려 로봇 시스템 개발자",와이닷츠 서울 성북구,"연봉 30,000,000원 - 32,000,000원","단위 소프트웨어의 기능(센서 정보 통합, 모터 제어 등)을 명확하게 정리하고, 시스템에 통합 자격요건 - Python, C/C++ 활용이 가능한 분 - git (git flow)을 활용할 수 있는 분 - IoT 기기 연동..."
25975303e6d7c143,Simulation 분야 석/박사 경력사원,LG디스플레이 3.4 경기도 파주,,"경험자 (C++, Math-lab Python, Labview) 5) 석사... 보유자 3) Programming Tool 유경험자 (C++, VB, Python, Labview) 4) 석사 이상 학위 소지자 우대사항 1) 물리학..."
dee1c9e840dc5691,"Field Application Engineer, Audio Implem...",Dolby 서울,,"Dolby’s ecosystem, products, business, and customers. Python coding skills. Interest in music, game/film audio or video..."
08fbc3e510fbe320,"산업용 비전 처리 S/W 개발, AI 가속기 처리 S/W 개발 경력사원",여의시스템 성남 중원구,,모바일·게임>응용프로그래머>Visual C++(MFC·ATL)|인터넷·IT·통신·모바일·게임>응용프로그래머> Python|인터넷·IT·통신·모바일·게임>응용프로그래머>인공지능(AI)|인터넷·IT·통신·모바일·게임>빅데이터·AI...
9c4f4236ac42f224,DBA 엔지니어,쏘카 대한민국,,"시계열 데이터베이스(InfluxDB) 구축 운영 경험이 있으신 분 • 자동화를 위한 스크립트 (Shell, Python, Ansible) 지식을 보유하신 분 • 새로운 기술 도입에 대한 오픈 마인드를 가지고 계신 분 전형절차..."
b4c6146c52b4dc2b,(주)테라젠바이오 데이터과제팀 계약직,테라젠바이오 수원 영통구,,"등 한 가지 이상의 Back-end Framework 경험 - Git 등의 협업 툴 사용 우대사항: - Python 사용 경험 - Linux 숙련자 - 컨테이너(Docker, k8s), 클라우드 경험 0 명 근무조건 고용형태..."
9ab2041ab3380a21,카카오톡 안티어뷰징을 위한 데이터/백엔드 엔지니어 및 머신러닝 전문가 모...,카카오 4.0 성남 판교역,,"Engineer, Data Scientist 해당 분야에서 활용되는 언어 및 도구를 능숙하게 다룰 수 있는 분( Python, Scala, PyMC, PySpark, Tensorflow 등) 우대 사항 컨테이너 환경에서의..."
d13fce11058e6cf1,보안 모니터링 시스템 개발 및 운영 담당자 모집,카카오 4.0 성남 판교역,,"이터 분석을 위한 SIEM/ETL 플랫폼 개발/운영 지원자격 기본사항 경력 3년 이상 Java, Python 등의 언어로 개발 가능자 기본적인 웹 개발 및 Back-End 개발 가능자 DBMS 혹은 빅데이터(NoSQL..."
f71d35f5dff01c45,Consultant - Identity & Security,Microsoft 4.2 대한민국,,"more... following: Azure PowerShell, CLI, Visual Studio, Python, Ruby or Terraform Identity: Designing and implementing..."
ffd9cedb23e97344,파이썬SW 금융분야 특화 챗봇 개발 함께 할 엔지니어,파운트 서울 충정로역,,"처리 과정을 Python language로 구현 - Big data 처리를 위한 SW 개발 - Backend SW 구현, Messenger interface, DBMS I/F 구현 Requirement - Python..."
d87dc8049ef2536f,소프트웨어 개발자(python),화인기계전자 대구 달서구,"월급 1,900,000원",[직무내용] python 프로그램를 통한 소프트웨어 개발자 [근무시간 및 형태] 주 5일 근무 (오전) 8시 30분~(오후) 5시 30분 주소정근로시간 : 40시간 [급여조건] - 월급 1900000원 이상 - 상여금...
92a3c458d76803d2,[진행중]우리은행 MydataACT 전문직 (데이터 사이언티스트(데이터...,우리은행 4.5 서울 회현동,,"이터 분석 업무 경력 5년 이상 보유자(관련 서비스 기획, 운영 경력 합산) - 데이터 분석 관련 언어( Python, R 등) 사용 능력 및 분석 결과의 실제 서비스 적용 경험 보유자 - 적극적이고 원만한 커뮤니케이션..."
0b05f7fff851371a,게임 런처 개발,Nexon 성남 분당구,,르고 안정적으로 게임을 실행할 수 있도록 함께 고민하고 개발하실 분을 찾습니다. 지원자격 - C++ 혹은 Python 프로그래밍 언어 능숙자 - 비동기 및 병렬처리 프로그래밍 경험 우대사항 - Modern C++ (11...
5cb14c0712a6c4c1,클라우드 시스템 엔지니어링,NHN 4.4 성남 판교역,,"위한 인프라 설계와 구축, 운영 경험 보유 - 기본적인 운영도구 개발 가능자 * JAVA, Python, Django - 웹 서비스 또는 플랫폼 개발 경력 보유자 - OpenStack 기반의 클라우드 설계..."
2054288dc83a5a88,[진행중]우리은행 AI사업부 전문직(인공지능(AI) 모델링 및 기획) 채...,우리은행 4.5 서울 회현동,,"서비스 기획 경험자 - Tensorflow, Pytorch 등 머신러닝 도구 활용 역량 보유 - Python, R 등 프로그래밍 활용 역량 보유 - 은행, 카드, 보험 등 금융 분야 프로젝트 경험자 우대사항..."
5ba9459c73dec978,국내카드사 DW 개발/운영,제이엔커리어 서울 서초구,,"Presto 등 Hadoop Ecosystem의 이해 필요 - JAVA, Python 개발 경험자 - 프레임워크 외 오픈소스 도입 등의 유연한 사고... 의 이해 필요 - JAVA, Python 개발 경험자 - 프레임워크 외..."
e7cc2dd53f8b03b7,빅데이터 분석(머신러닝/딥러닝) 컨설턴트 정규직,디앤아이컨설팅 서울 동대문구,,"석사학위자의 경우 2년 이상 경력자 ㆍ분석결과에 대한 명확한 의사소통 및 문서화 기술이 있으신 분 ㆍR, Python 등 언어를 활용한 데이터 정제, 분석, 모델링, 시각화 경험이 있으신 분 ㆍ데이터 기반 실험 및 모델을 실..."
1c4f1c0b625f5abd,데이터 분석 직군 모집,넷마블 서울 구로구,,"요건 - 관련 분야 경력 3년 이상 - 정형/비정형 데이터 분석 및 모델링 가능 - 통계 분석 도구 (R, Python, Tensorflow 등) 및 SQL 사용 가능 - 다양한 직군의 사람들과 원활한 커뮤니케이션 및 협업..."
d6c27e2108eafb61,Jr. Backend Developer,Delivery Tech Hero 서울,,"어로 코리아는 국내 최대의 Python 개발 조직으로, 나아가 최고의 개발 조직이 되기 위해 노력합니다. Python 으로 server systems... 다져온 우리의 Python 개발 경험은 새로이 Python 세계에 들어오고..."
cb6c1cce2b2eddc2,게임 데이터 분석 및 지표개발 인원 모집,엔씨소프트 2.7 성남 판교역,,"험이 많고, 게임 시스템에 대한 이해가 높으며 서비스 런칭 경험이 있으신 분 - 데이터 분석을 위한 통계툴( Python / R / SAS / SPSS 등) 활용 가능 - 빅데이터 플랫폼(Hadoop / Hive / Spark..."
ea092b3fafb8c17f,Data Engineer,Toss 서울 강남구,,"및 활용 경험이 있는 분 - 데이터플랫폼 관리 및 운영도구 개발을 위한 프로그램 능력을(Java, Python) 갖춘 분 # 우대 사항 - 하둡 에코시스템을 서비스에 맞게 재구성하거나 개선한 경험이 있는 분 - Machine..."
9396da0fd279511a,2021년도 상반기 임베디드 시스템 SW 개발자 (신입/경력),와이제이테크놀로지 경기도 화성,,"ㆍ기타 HMI 개발 자격요건 ㆍ학력 : 대졸이상 ㆍ경력 : 경력무관(신입, 경력 지원 가능) ㆍ공학계열( Python / Java / C# 등 최소 하나의 언어 사용 가능) [근무시간 및 형태] 주 5일 근무 (오전) 9시..."
7a10af25a567bb7f,정보보호 담당자,씨디네트웍스 서울 강남구,,"우대 사항 a. 비즈니스 영어 가능자 b. 오픈소스 경험자 c. 스크립트 언어 사용 가능자 ( python, shell, powershell 등 ..) d. 관련 자격증 (CISSP, CISA, CPPG, PIA..."
ba7966a3fe799433,[지원하자규] (주)규의 유능한 프로그래머,규 대한민국,"월급 2,000,000원",그래머>웹개발|인터넷·IT·통신·모바일·게임>웹프로그래머>HDML|인터넷·IT·통신·모바일·게임>웹프로그래머> Python|인터넷·IT·통신·모바일·게임>웹프로그래머>JAVA|인터넷·IT·통신·모바일·게임>웹프로그래머>HTML...
c88c0631fb47d0b4,Cloud Architect,Oracle 3.8 서울,,"etc. Shell Script, Python or Java Script... development languages... Java and Python Development and operation experience..."
4054e194e7a9ea06,국내 메이저 건설회사 빅데이터/AI분야 전문가 채용,국내 메이저 건설회사 빅데이터/AI분야 전문가 채용 서울 종로구,"연봉 60,000,000원 - 120,000,000원","이터기반 의사결정지원 업무 솔루션 개발 [자격요건] - 컴퓨터언어( Python, C, JAVA 등) 능숙자 - 소프트웨어 관련 전공자(컴퓨터공학... DL 실무 경험자 - 컴퓨터언어( Python, C, JAVA 등) 능숙자..."
0b05f7fff851371a,게임 런처 개발,Nexon 성남 분당구,,르고 안정적으로 게임을 실행할 수 있도록 함께 고민하고 개발하실 분을 찾습니다. 지원자격 - C++ 혹은 Python 프로그래밍 언어 능숙자 - 비동기 및 병렬처리 프로그래밍 경험 우대사항 - Modern C++ (11...
858d2828b6756338,Lead Product Engineer - Liberate,Cadence Design Systems 경기도,,"problems and propose solution Automation skills using Tcl, Python, Perl and shell scripting Bachelor/Master in EE with 5+..."
c08c3a30bbe8dea0,배달로봇 dilly 로봇 소프트웨어 개발자(자율주행) (5년이상),우아한 형제들 서울 송파구,,"ROS2) 기반의 이동로봇 개발 경험이 있는 분 - 컴퓨터 비전, 머신러닝 경험이 있는 분 - C/C++, Python 활용이 가능한 분 - 영어문서작성 및 회화 능력을 갖춘 분 - 다양한 직군과의 원활한 협업 및 의사소통..."
2a18b5bf84c6aa36,Technical Enablement Manager - Seoul,Datadog 서울,,"Kubernetes or Rancher etc.. Scripting languages like Python, Javascript, Ruby, Perl, Go, PHP, or Chef/Puppet etc.. Why You..."
ece079bcd403aebc,리거,프락시스스튜디오 서울 마포구,"연봉 22,000,000원 - 24,000,000원","적으로 파악하여 효율적으로 리깅 가능하신 분 - 캐릭터 애니메이션에 대한 이해가 있으신 분 - C++,Mel, Python 등 프로그래밍 언어 사용에 능하신분 *우대사항 - 머슬 ,헤어, 옷 등 시뮬레이션도 가능하신분 - 제작..."
08fbc3e510fbe320,"산업용 비전 처리 S/W 개발, AI 가속기 처리 S/W 개발 경력사원",여의시스템 성남 중원구,,모바일·게임>응용프로그래머>Visual C++(MFC·ATL)|인터넷·IT·통신·모바일·게임>응용프로그래머> Python|인터넷·IT·통신·모바일·게임>응용프로그래머>인공지능(AI)|인터넷·IT·통신·모바일·게임>빅데이터·AI...
ffb319f25ac9bc11,"HTML·DHTML·mHTML, JAVA 외 신입/경력 정규직, 계약직,...",119종합솔루션 서울 영등포구,"연봉 24,000,000원 - 26,000,000원","력사항: 학력무관 직무기술: 웹프로그래밍, HTML5, 자바, JAVASCRIPT, SPRING, 포털, PYTHON, 앱개발, CSS, MYSQL, PHP, ASP, 프로그래머 기타: 스타트업 기업입니다. 단기 프로젝트..."
cd2ef993ee5c8d3f,지스트 블록체인인터넷경제연구센터 계약직(연구원),광주과학기술원 광주 북구,,록체인 개발 블록체인 하드포크 1) 4년제 대학 이상 졸업자 2) SW프로그래밍 제작 경험자 3) Python/C/Java/Go 프로그래밍 가능자 4) 팀장급은 개발 경험 10년 이상인 자 연구직 1명 우대사...
25725b3c0e607311,Junior Quant Trader,Byzantine Partners 서울,,background is a plus Programming capability is mandatory (i.e. Python) Understanding of machine learning algorithm is a plus...
ffd9cedb23e97344,파이썬SW 금융분야 특화 챗봇 개발 함께 할 엔지니어,파운트 서울 충정로역,,"처리 과정을 Python language로 구현 - Big data 처리를 위한 SW 개발 - Backend SW 구현, Messenger interface, DBMS I/F 구현 Requirement - Python..."
6f88041c28b6c1ae,한글 Q&A 시스템 연구 개발 신입/경력사원,포티투마루 서울 관악구,,"중(9월예정) [지원자격] - 4년제 대학교 졸업 (전산관련학과 이수 또는 그에 상응하는 교육이수자) - Python, Java, C/C++ 등으로 개발 가능하신 분 - Unix/Linux 시스템에 대한 이해가 있으신 분..."
1c30b718dbd6a831,취업연계형 로봇 인공지능 전문가 양성 아카데미 교육생,한국로봇융합연구원 서울,,모바일·게임>빅데이터·AI(인공지능)>인공지능(AI)|인터넷·IT·통신·모바일·게임>빅데이터·AI(인공지능)> Python|인터넷·IT·통신·모바일·게임>빅데이터·AI(인공지능)>머신러닝|인터넷·IT·통신·모바일·게임>빅데이터...
fc794d9c0cfe38f4,IT 웹/응용/시스템프로그래머,이루텔럭키 경기도 군포,"연봉 27,000,000원 - 37,000,000원","[직무내용] * Python flask를 이용한 서비스 개발 지원 및 서버프로그램 개발지원 신입사원 모집 솔루션 개발 및 유지보수 (사물인터넷, 웹, 머신러닝 플랫폼) [근무시간 및 형태] 주 5일 근무 (오전) 9시 00분..."
d6c05c588971df5a,백엔드 파운트 시스템 엔지니어 (현재 급여수준 이상 보장),파운트 서울 충정로역,,"경험 - Linux명령어 및shell스크립트 작성 능숙 우대사항 - Python, Java등을 이용한 프로그래밍 경험 네트워크및 서버에 대한 표준화... 립트 작성 능숙 우대사항 - Python, Java등을 이용한 프로그래..."
b4c6146c52b4dc2b,(주)테라젠바이오 데이터과제팀 계약직,테라젠바이오 수원 영통구,,"등 한 가지 이상의 Back-end Framework 경험 - Git 등의 협업 툴 사용 우대사항: - Python 사용 경험 - Linux 숙련자 - 컨테이너(Docker, k8s), 클라우드 경험 0 명 근무조건 고용형태..."
7df915e1f0f86b2d,Software Architecture 설계 엔지니어,딥엑스 성남 분당구,"연봉 40,000,000원 - 100,000,000원",경험 - Windows/Linux 상에서 C++/ Python 언어 사용 개발 경험 - C++ / Python 언어 사용 개발 경험 - 객체지향 설계에... 게임>빅데이터·AI(인공지능)> Python|인터넷·IT·통신·모바일·게임...
08a68b0bb9a4efdb,[국비지원] 미래유망분야 전문기술 교육생,대한상공회의소 서울기술교육센터 서울 강서구,,통신·모바일·게임>빅데이터·AI(인공지능)>데이터분석|인터넷·IT·통신·모바일·게임>빅데이터·AI(인공지능)> Python|인터넷·IT·통신·모바일·게임>빅데이터·AI(인공지능)>머신러닝|인터넷·IT·통신·모바일·게임>빅데이터...
ad3dfd853ea7ef40,Credit Risk 모델러,Toss 서울 강남구,,"에 대한 폭넓은 이해와 분석적 능력을 보유하신 분 - SAS, SQL, KnowlegeSEEKER, Python, R 등 Tool사용 가능하신 분 - 원활한 커뮤니케이션 가능하신 분 # 우대 사항 - 바젤 및 IFRS9관련..."
9e1861e691426a98,Field AI Engineer,Graphcore 서울,,"hardware acceleration technologies Experience with Python and C++... depth knowledge of computer architectures, high..."
a938bd71cfdd6885,"(python, C++) 반려 로봇 시스템 개발자",와이닷츠 서울 성북구,"연봉 30,000,000원 - 45,000,000원","단위 소프트웨어의 기능(센서 정보 통합, 모터 제어 등)을 명확하게 정리하고, 시스템에 통합 자격요건 - Python, C/C++ 활용이 가능한 분 - git (git flow)을 활용할 수 있는 분 - IoT 기기 연동..."
cae2de07045cfb2b,"Java, Python 영상툴 개발자",에이아이메이커 서울 마곡동,,원하면 가능) 담당업무 - 영상 라벨링 Tool 개발 - Tool 정확성 개선 자격요건 - Java - Python 우대사항 - 관련 개발 경력 - 툴개발 경력 근무조건 - 월~금 AM9:30 ~ PM18:30 복지...
dfe4f3638b0d10d2,블록체인 센터 백엔드 개발자 (경력),네오위즈 대한민국,,"센터 백엔드 개발자 (경력) 담당업무 블록체인을 이용한 서비스의 백엔드 설계 및 개발 자격요건 - Python/Node.js/Java 중 1가지 이상의 언어로, 서비스를 개발하는 것에 익숙한 분 - Restful API..."
c3cc7958ee9f5961,[KSTEC] 통계/Analytics 경력사원,지식시스템 성남 분당구,,"1. SPSS, SAS, R, Python, Java 등 데이터분석... 인공지능)>R|인터넷·IT·통신·모바일·게임>빅데이터·AI(인공지능)> Python|인터넷·IT·통신·모바일·게임>빅데이터·AI(인공지능)>데이터분석..."
b8c6ad4bd3f32e3d,AI 개발자,넷아이디 서울 강남구,"연봉 35,000,000원 - 40,000,000원",인터넷·IT·통신·모바일·게임>응용프로그래머>머신러닝(ML)|인터넷·IT·통신·모바일·게임>응용프로그래머> Python|인터넷·IT·통신·모바일·게임>ERP·시스템분석·설계>인공지능(AI)서비스기획|인터넷·IT·통신·모바일...
ae5283196d38f489,"영상처리, 머신비전, 장비제어 비전센터 상반기 공개",유토시스 경기도 화성,,"응용 S/W개발 -. 운영/제어 개발 [자격요건] -. 학력 : 대졸이상 -. MFC, C++, C# 또는 Python 경험자 -. Windows기반 UI 프로그램 개발 경험자 -. 영상처리 알고리즘 개발 경험자 -. 검사장..."
7fdcd7a7457b1e93,데이터 분석,아프리카TV 경기도 성남,,"의 서비스 이용/소비형태/이상현상과 트렌드 변화가 궁금하신 분 - B2C서비스 데이터 분석 직군에서 데이터 핸들링 경험이 있으신 분 - SQL,Excel,R, Python 등을 이용하여 데이터 추출 또는 분석이 가능하신 분"
879e2eefd3c4914f,"Senior Fellow - Data Science, Marketing...",McKinsey & Company 4.3 서울,,mathematics) 4+ years of experience working with SQL and Python or R programming Ability to manage and query large databases...
d13fce11058e6cf1,보안 모니터링 시스템 개발 및 운영 담당자 모집,카카오 4.0 성남 판교역,,"이터 분석을 위한 SIEM/ETL 플랫폼 개발/운영 지원자격 기본사항 경력 3년 이상 Java, Python 등의 언어로 개발 가능자 기본적인 웹 개발 및 Back-End 개발 가능자 DBMS 혹은 빅데이터(NoSQL..."
d8a8869ab092f731,데이터 엔지니어 및 사이언티스트,카카오 4.0 성남 판교역,,"등 데이터 엔지니어와 사이언티스트의 업무를 경계 없이 수행하게 됩니다. 지원자격 개발 경력 3년 이상 Python, Scala, Java, C++ 중 하나 이상의 언어에 능통 SQL 또는 HiveQL에 능통 대용량 데이..."
7ff73ca04d2c50df,계약직 기능 검증직 채용,두산로보틱스 수원 고색동,,"담당업무 - 로봇 주변기기 (그리퍼/장치류) 인터페이스 및 로봇 연계 동작 개발/검증 자격요건 - Python 언어 사용 가능자 - 통신 인터페이스(장비 프로토콜) 이해 가능자 . Serial, TCP/IP 통신..."
3df3d77ef7735407,11번가 System Engineer 분야,십일번가 서울 중구,,"모집 접수마감일 2021-04-30 직무 키워드 Linux, IaC( python, java, bash 등), Private/public Cloud... 관리 tool을 직접 개발해본( Python/PHP 등을 이용) 경험이 있으..."
1748baa27965fdbf,"MVP 개발 엔지니어(서버, 웹프론트) (정규직, 계약직, 프리랜서)",더테스터 대전 중구,,1년 이상의 서버 개발 경험 · 아래 옵션 중 하나의 기술 스택 사용 - JAVA기반의 Spring - Python 기반의 Django - Ruby 기반의 Rails 우대사항 · 팀단위로 프로젝트를 수주해본 적 있는...
8a15326f80e07c08,Customer Operations Engineering Manager,Success Korea 대한민국,,experience in C++ or Java and Python - Network monitoring and application... C++ or Java and Python - Network...
85929aac498299cc,데이터 사이언스 전문가 및 머신러닝 전문가 모집,카카오 4.0 성남 판교역,,명시해 주시기 바랍니다. 지원자격 개발 경력 2년 이상 머신 러닝/데이터 사이언스를 위한 언어(R/ Python/Scala) 및 도구(scikit-learn/Spark MLlib/Tensorflow/Pytorch 등)를...
576b687b14b66857,쎄미시스코 개발자,쎄미시스코 수원 권선구,"월급 2,400,000원 - 2,600,000원",딥러닝 고도화 관련 업무 - Network Modeling - 전처리 Image Processing - C++ + Python 사용 상세모집요강 접수기간/방법 지원방법 직무/산업 직무별(직종) 응용프로그래머VisualC...
c83f96bd87da9761,"농업정책보험금융원 신규직원(농식품경영체 벤처투자 상담, 재해보험 통계 계...",농업정책보험금융원 서울,,"제출 통계 패키지*를 활용하여 통계, 응용통계 및 데이터 분석 업무 경력이 1년 이상인 자 * SAS, R, python 등 * 경력증명서(담당업무 혹은 소속부서로 업무 추정이 가능할 경우 소속부서가 명시되어야 함) 제출..."
9c3ac69509c6200c,"아두이노 등 임베디드SW, 드론HW제작 신입/경력 정규직",탱고드론 성남 분당구,"연봉 25,000,000원 - 30,000,000원","차무관) 학력사항: 학력무관 직무기술: 아두이노, 임베디드SW개발자, Python, c프로그래밍, DJI, PixHawk FC, 드론솔루션, 드론HW... Embedded)|인터넷·IT·통신·모바일·게임>웹프로그래머> Python"
e157aa3d21a2a1be,대학경쟁력연구원 연구직계약직원(계약직),아주대학교 3.8 수원 영통구,,"원자격  필수사항 : 석사학위 또는 박사학위 소지자  우대사항 - 데이터 분석 관련 전공자 - R, Python, SQL, Excel 등을 이용한 데이터 분석 가능자 - 시각화 툴 사용능력 및 정량적/정성적 분석..."
269f9a96319ef19a,머신러닝 엔지니어 모집,카카오 4.0 성남 판교역,,"델의 성능 검증 및 지속 개선 대규모 로그 데이터 통계 분석을 통한 피쳐 추출 지원자격 #필수사항 Python, Java, C++ 등 언어 중 하나 이상 활용 가능하신 분 TensorFlow/Keras, PyTorch..."
f43d63d179cde302,[KSTEC] RPA 시스템 개발 신입 및 경력사원,지식시스템 성남 분당구,,통신·모바일·게임>웹프로그래머>JAVA|인터넷·IT·통신·모바일·게임>웹프로그래머>.NET|인터넷·IT·통신·모바일·게임>웹프로그래머> Python|인터넷·IT·통신·모바일·게임>웹프로그래머>HTML·DHTML·mHTML
9396da0fd279511a,2021년도 상반기 임베디드 시스템 SW 개발자 (신입/경력),와이제이테크놀로지 경기도 화성,,"ㆍ기타 HMI 개발 자격요건 ㆍ학력 : 대졸이상 ㆍ경력 : 경력무관(신입, 경력 지원 가능) ㆍ공학계열( Python / Java / C# 등 최소 하나의 언어 사용 가능) [근무시간 및 형태] 주 5일 근무 (오전) 9시..."
464ef95516a5fa5c,8퍼센트 경력 개발자,8퍼센트 서울 종로구,,"개발업무 - 금융 서비스 개발 - Python/Django 기반 - 정해진 역할이 아닌 기능에 따른 업무 분배 - 프로트엔드부터 백엔드까지 업무 범위... SQL 기본 - git flow - python, django 경험자 우대"
34fa532c14506bb9,빅데이터·AI 기반 산업 혁신인재 양성 및 고용 [참여청년 추가 ],재단법인 부산정보산업진흥원 부산 해운대구,,통신·모바일·게임>빅데이터·AI(인공지능)>데이터분석|인터넷·IT·통신·모바일·게임>빅데이터·AI(인공지능)> Python|인터넷·IT·통신·모바일·게임>빅데이터·AI(인공지능)>머신러닝|인터넷·IT·통신·모바일·게임>빅데이터...
e010f7780d479126,검색서비스 서버 개발 신입/경력,포티투마루 서울 관악구,,"성별 : 무관 - 모집인원 : 0명 [기술 지원자격] - Linux 환경 개발 경력 - C/Java/ Python 개발 경력 - 서버 개발/운영 경력 [우대사항] - 자연어처리, 정보검색, 기계학습, 데이터 마이닝..."
33caa1d9a2c68113,클라우드 데이터플랫폼 운영 엔지니어,NHN SOFT 4.4 성남 판교역,,"력자 -대외 고객 기술 지원 경험자 -클라우드 플랫폼 운영 경험자 -2년 이상의 개발 경험자(Java, Python 등) -Hadoop 에코시스템을 통한 데이터 수집, 처리 및 지표 분석 경험 본 채용은 상시 채용으..."
112e58d399a83a19,BIM Manager,SYSTRA 서울,,"Openroads, Navigator. Microsoft: Office 365. IT language: Python (A plus) Others: Dynamo (A plus) Job Segment: Engineer..."
073d76335475fce3,Data Science Manager,The Nielsen Company 3.8 서울,,automation and generalization. Working knowledge of Python or R. Knowledgeable with relational database management system...
f069d006ba3ffa5a,(신입/경력) AR&AI 엔지니어,플레이스에이 성남 분당구,,"Engine 중 1개 이상 능숙하게 다룰 수 있다 - C, C++, Python 등 프로그래밍 언어 중 1개 이상 능숙하게 다룰 수 있다... 다룰 수 있다 - C, C++, Python 등 프로그래밍 언어 중 1개..."
b9a9af798e9d24a5,보안 개발자 모집,넷마블 서울 구로구,,"이상의 웹 프레임워크 사용 숙련자 - 신기술 습득과 개발을 좋아하며 동료와 함께 성장하고 싶으신 분 우대사항 - Python(django, flask)을 이용한 back-end 개발 경험 있으신 분 - javascript..."
6f88041c28b6c1ae,한글 Q&A 시스템 연구 개발 신입/경력사원,포티투마루 서울 관악구,,"중(9월예정) [지원자격] - 4년제 대학교 졸업 (전산관련학과 이수 또는 그에 상응하는 교육이수자) - Python, Java, C/C++ 등으로 개발 가능하신 분 - Unix/Linux 시스템에 대한 이해가 있으신 분..."
dd4d8e59a4a9265d,Data Specialist (Scientist&&Engineer),아우름플래닛 서울 마포구,,"Tensorflow, Keras, Pytorch, Theano 등)를 하나 이상 사용할 수 있는 분 • R, Python, Scala, SQL 등을 이용한 데이터 분석 및 프로그램 개발 능력이 있는 분 • 데이터 분석 기법..."
7ce516d8645ec357,"광고기획(AE, AP) 및 디지털부문 경력사원",지투알 서울,,"자 - 데이터 분석 툴(Adobe Analytics 또는 Google Analytics) 유경험자 우대 - Python, R, SQL 역량 보유자 우대 - 데이터에 기반한 문제해결 능력 및 통계학적 지식 보유자 우대 업무내용..."
1c30b718dbd6a831,취업연계형 로봇 인공지능 전문가 양성 아카데미 교육생,한국로봇융합연구원 서울,,모바일·게임>빅데이터·AI(인공지능)>인공지능(AI)|인터넷·IT·통신·모바일·게임>빅데이터·AI(인공지능)> Python|인터넷·IT·통신·모바일·게임>빅데이터·AI(인공지능)>머신러닝|인터넷·IT·통신·모바일·게임>빅데이터...
84fd9f9deb6105b0,"웹개발, Python 외 신입/경력 계약직",쿠바로엠앤씨 서울 강서구,,"주식회사 쿠바로엠앤씨 웹개발, Python 외 신입/경력 계약직 채용 모집... 게임>웹프로그래머>웹개발|인터넷·IT·통신·모바일·게임>웹프로그래머> Python|인터넷·IT·통신·모바일·게임>웹프로그래머>백엔드|인터넷·IT·통신..."
4cdfac841bdfb456,[국내 최고회사] Back-End 개발자,인코리아 프로페셔널 성남 분당구,,로그래머>백엔드|인터넷·IT·통신·모바일·게임>웹프로그래머>웹개발|인터넷·IT·통신·모바일·게임>웹프로그래머> Python|인터넷·IT·통신·모바일·게임>데이터베이스·DBA>NoSQL|인터넷·IT·통신·모바일·게임>데이터베이스...
2a2dc455b45f0918,연구소 개발부문 연구원 직원 (회로설계/하드웨어설계/머신비전/이미지프로세...,모든 경기도 광명,"연봉 42,000,000원 - 46,000,000원","그래밍 가능자 우대 S/W 설계 부문 : - OPEN CV, TENSORFLOW, YOLO, CUDA/ Python, C++, C WindowsGUL APL, MFC Lib 활용 가능자. 머신비전/ 영상처리 개발자 * 전기..."
24cef6ba77c21e85,소프트웨어 엔지니어 경력직 - (주)노바,노바 경기도 안성,,"[직무내용] C, C++, C#, Python , 임베이드 활용한 회로설계 및 제어 프로그램 (자율주행 및 AI) [근무시간 및 형태] 주 5일 근무 (오전) 9시 00분~(오후) 6시 00분 주소정근로시간 : 40시간..."
2cfd15907402c5cc,DGIST 제2차 계약직 연구원 채용공고,대구경북과학기술원 대구 현풍면,,천원 이내 수행 내용 Machine learning (Deep learning) 알고리즘 개발 Python/Tensorflow 프로그래밍 Matlab/simulink 모의실험 자율주행 자동차 혹은 전문 서비...
c39d18040425ef53,PostgreSQL 운영 및 데이터베이스 관리자 모집,카카오 4.0 성남 판교역,,"청하고 잘 이해하는 분 Database 운영 유경험자 ( PostgreSQL 운영 경험이 있으신 분 우대) python, go, bash 등 개발 경험이 있는 분 우대 클라우드 환경의 DB시스템 구축 및 운영 경험이 있는 분..."
c08c3a30bbe8dea0,배달로봇 dilly 로봇 소프트웨어 개발자(자율주행) (5년이상),우아한 형제들 서울 송파구,,"ROS2) 기반의 이동로봇 개발 경험이 있는 분 - 컴퓨터 비전, 머신러닝 경험이 있는 분 - C/C++, Python 활용이 가능한 분 - 영어문서작성 및 회화 능력을 갖춘 분 - 다양한 직군과의 원활한 협업 및 의사소통..."
af5683389907a8c9,백엔드 개발자 (경력),크로스앵글 서울 역삼동,,"데이터 관리 (Auth0) - 블록체인 지갑 인증 (Ethereum, EOS) [자격요건] - 백엔드 & Python 실무 개발경험 3년 이상 혹은 그에 준하는 능력을 갖고 있으신 분 - 새로운 기술에 대해 호기심을 갖고..."
ad3dfd853ea7ef40,Credit Risk 모델러,Toss 서울 강남구,,"에 대한 폭넓은 이해와 분석적 능력을 보유하신 분 - SAS, SQL, KnowlegeSEEKER, Python, R 등 Tool사용 가능하신 분 - 원활한 커뮤니케이션 가능하신 분 # 우대 사항 - 바젤 및 IFRS9관련..."
da280e20451ce755,Integration Engineer,스트라드비젼 서울 강남구,"연봉 40,000,000원 - 50,000,000원","algorithm • (Preferred) Experience of variant script language ( Python, Shell) • (Preferred) Experience of Linux build system..."
2bafb73f26c69508,[TmaxBI/기술] 빅데이터 플랫폼 QA,티맥스소프트 성남 분당구,,"갖춘자 - ERP/CRM 역량 보유자 - 데이터분석/모델링 역량 보유자 우대사항 - 보유기술: Java, python, RDB, NoSQL, OS(linux), Selenium, docker, Kubernetis - 자격사항..."
68b91ae2f6c66fa3,[뉴플랫폼기술] 클라우드 개발자 - Kubernetes,한국카카오은행 성남 분당구,,"운영 경험이 1년 이상인 분 · Cloud 환경에서 서비스 구축 및 운영 경험이 있는 분 · Golang, Python, NodeJS, Java 중 하나이상 프로그래밍 언어에 익숙한 분 우대사항 · 서비스 설계 단계부터 참여..."
35f0a25dee5f3312,딥러닝 알고리즘 및 응용 Engineer,딥엑스 성남 분당구,"연봉 40,000,000원 - 100,000,000원",모바일·게임>빅데이터·AI(인공지능)>인공지능(AI)|인터넷·IT·통신·모바일·게임>빅데이터·AI(인공지능)> Python|인터넷·IT·통신·모바일·게임>빅데이터·AI(인공지능)>머신러닝|인터넷·IT·통신·모바일·게임>빅데이터...
46dd50affe6c4d8d,딥러닝 MLOps 백엔드 개발자,써로마인드로보틱스 서울 관악구,"연봉 40,000,000원 - 50,000,000원",통신·모바일·게임>응용프로그래머> Python|인터넷·IT·통신·모바일·게임>빅데이터·AI(인공지능)>인공지능(AI)|인터넷·IT·통신·모바일·게임>빅데이터·AI(인공지능)> Python|인터넷·IT·통신·모바일·게임>빅데이터...
02f450f1246c5489,[서울지사][던파모바일2D] 서버 빌드 담당자,네오플 서울 강남구,,"C/C++ 사용이 능숙하신 분 우대사항 - DevOps 관련 경험 - 하나 이상의 스크립트 언어 ( Python, PowerShell, Bash, Groovy… )에 능숙하신 분 - Windows/Linux 서버 운영체제에..."
beaf31828719882c,[공통기술부문] AI / ML 엔지니어 (3년 이상),우아한 형제들 서울 송파구,,"및 수정할 수 있는 분 - 3년 이상의 실무 경험, 1개 이상의 숙련된 프로그래밍 언어 활용 능력(ex. Python, C++ 등)을 가진 분 - 원천 데이터를 탐색, 검증, 취합하는 단계부터 모델의 구현, 학습, 배포까지..."
0ff2c43b1e2621a5,PharmCADD 2021년 상반기 R&D센터 연구원 공개,팜캐드 서울 강남구,,통신·모바일·게임>빅데이터·AI(인공지능)>딥러닝|인터넷·IT·통신·모바일·게임>빅데이터·AI(인공지능)> Python|인터넷·IT·통신·모바일·게임>빅데이터·AI(인공지능)>데이터분석|인터넷·IT·통신·모바일·게임>빅데이터...
489f19028e8a723b,통합인터페이스 백엔드 서버 개발,Nexon 성남 분당구,,"게임 빅데이터 실시간 처리 시스템 개발 지원자격 - 백엔드 서버 개발 경력 3년 이상 - Java, Python, Javascript 중 1개 이상의 프로그래밍 경험 - HTTP API 설계 및 개발 경험 - MSA..."
752101f0d5606a10,Python 웹 개발자 - 정규직,코리아뉴스와이어 서울 중구,,지원자격 경력 경력 (4년이상) 학력 학력무관 성별 무관 기타 담당업무 Python 웹 개발자 채용 - 정규직 커리어 양식 지원 상세모집요강 접수기간/방법 시작일 2021.3.19 (금) 마감일 2021.5.1 (토...
73f619e964a56a10,[전문연구요원] ML/DL 연구원 및 SW 개발자,뷰노코리아 서울 서초구,,"Python, Javascript, Go, Java, C++, C# 중 최소 1개 이상의 언어에 익숙하신 분 - (우대) Python/Flask로... 그래머> Python|인터넷·IT·통신·모바일·게임>웹프로그래머> Python..."
56add096e14a7879,AI 연구 및 개발 직군 모집,넷마블 서울 구로구,,"웹 서비스 구축 등 자격요건 - Python 에 능숙하고 C/C++ 혹은... 위한 클라우드/ Rest-API / 웹서비스 구축 등 자격요건 - Python에 능숙하고 C/C++ , C#등 언어에 대한 활용능력 - 딥러닝 프레..."
3b92a246b4535cd9,Senior Support Engineer (APAC),Dataiku 서울,,other database or BI technologies) Hands-on experience with Python... RWorking knowledge of various cloud technologies...
3d678bf37ef6b4a4,게임 서버 프로그래밍,Nexon 성남 분당구,,"실시간성이 필요한 로직 및 ML 알고리즘을 실행 하는 서버 개발 지원자격 - 한 가지 이상의 개발 언어( Python, C++, C#, Go 등)에 숙련된 프로그래밍 능력 - RESTful API 및 TCP/UDP 서버..."
ad07d6a330fb619a,NHN Cloud 운영 및 기술지원,NHN 4.4 성남 판교역,,"Linux, Microsoft Solutions 등) - 2년 이상의 개발 경험 (Java, Python 등) - 기술 문서 작성 및 가이드 경험이 풍부한 자 - 대외 고객 기술 지원 경험 - Windows..."
ce26ac3b06ac1896,DBM/CRM분석 담당자 채용,SK엠앤서비스 서울 저동2가,,"추출 역량 - Web/App. Log Data 분석 역량 - SQL, R, Python을 이용한 데이터 분석 역량(SQL필수, R/ Python 선택적) - Excel 활용 및 Data Handling 역량 - 마케팅..."
4ef945d1fd652c61,반도체 디자인 검증 엔지니어,10년 연혁의 팹리스기업 서울 강남구,,"버깅 능력 - 디지털 회로 설계에 대한 지식 - 객체지향 프로그래밍(OOP)에 대한 이해 - C/C++, python, perl, tcl등 프로그래밍 언어에 대한 이해 • 참고사항 - 근무시간 : 주5일, 업무시간 flex..."
ece079bcd403aebc,리거,프락시스스튜디오 서울 마포구,"연봉 22,000,000원 - 24,000,000원","적으로 파악하여 효율적으로 리깅 가능하신 분 - 캐릭터 애니메이션에 대한 이해가 있으신 분 - C++,Mel, Python 등 프로그래밍 언어 사용에 능하신분 *우대사항 - 머슬 ,헤어, 옷 등 시뮬레이션도 가능하신분 - 제작..."
86940003c157ab95,[정보보안] 보안기반 분석 개발 담당자 모집,엔씨소프트 2.7 성남 판교역,,"이기종 보안시스템의 운영업무 자동화 개발 지원자격 학력 : 무관 경력기간 : 2년 ~ 10년 필수조건 - Python 프로그래밍 언어로 개발이 가능하며, 오픈소스를 활용한 개발이 가능한 분 - 보안솔루션의 동작 원리와 연동..."
ea092b3fafb8c17f,Data Engineer,Toss 서울 강남구,,"및 활용 경험이 있는 분 - 데이터플랫폼 관리 및 운영도구 개발을 위한 프로그램 능력을(Java, Python) 갖춘 분 # 우대 사항 - 하둡 에코시스템을 서비스에 맞게 재구성하거나 개선한 경험이 있는 분 - Machine..."
5427e21e463b7e42,[TmaxTibero/기술] DBMS 제품 QA 신입 및 경력,티맥스소프트 성남 분당구,,"스트 시나리오 기획/작성, 테스트 및 관리 - 품질관리 시스템 개발 및 유지보수 자격요건 - Java/C/ Python 초급 개발자/경험자 - Unix/Linux 엔지니어 경험자 - IT 관련 학과 4년 대졸자 또는 졸업 예정..."
cae2de07045cfb2b,"Java, Python 영상툴 개발자",에이아이메이커 서울 마곡동,,원하면 가능) 담당업무 - 영상 라벨링 Tool 개발 - Tool 정확성 개선 자격요건 - Java - Python 우대사항 - 관련 개발 경력 - 툴개발 경력 근무조건 - 월~금 AM9:30 ~ PM18:30 복지...
9a0695002b7ffb96,[청년디지털일자리] 파이썬(Excel 활용) 업무 전자 부품 등록/관리,성호전자 서울 금천구,,대학 마지막 학기 졸업예정자이면서(고교생은 교육과정 종료시) 바로 근무 가능한 경우는 가능) 인터넷·IT·통신·모바일·게임>빅데이터·AI(인공지능)> Python|인터넷·IT·통신·모바일·게임>전산·IT기술지원>IT기술지원
e77aa802761fd34d,혁신성장 클라우드 아카데미 4기 교육생,한국클라우드컴퓨팅연구조합 서울,,로그래머>가상현실(VR)|인터넷·IT·통신·모바일·게임>응용프로그래머> Python|인터넷·IT·통신·모바일·게임>웹프로그래머>ASP|인터넷·IT·통신... 통신·모바일·게임>웹프로그래머> Python|인터넷·IT·통신·모바일·게임...
f375e3eb26811194,장외파생부-채권운용 경력직 (~3/31),비엔케이투자증권 대한민국,,"우대조건 - 금융공학관련 특기자 우대 - 수학/통계/금융공학 관련 전공자로 데이터분석 경험자 우대 - C++, Python, VBA, DB 등 프로그래밍 가능자 우대 5. 모집조건 - 근무형태: 계약직 - 급여: 협의 6..."
07c39ed82823d47f,데이터분석가 신입/경력 정규직,에이아이더뉴트리진서울사무소 서울 강남구,,tensorflow|인터넷·IT·통신·모바일·게임>빅데이터·AI(인공지능)>자연어처리|인터넷·IT·통신·모바일·게임>빅데이터·AI(인공지능)> Python|인터넷·IT·통신·모바일·게임>빅데이터·AI(인공지능)>데이터분석
